"skeema","taulu","taulun_kommentti","kenttä","kentän_kommentti","tyyppi","dimensions","coordinate_system","is_nullable"
"jkr","dvv_poimintapvm","dvv-aineiston poimintapäivien tallennus","id",NULL,"integer",NULL,NULL,"NO"
"jkr","dvv_poimintapvm","dvv-aineiston poimintapäivien tallennus","poimintapvm",NULL,"date",NULL,NULL,"NO"
"jkr","flyway_schema_history",NULL,"installed_rank",NULL,"integer",NULL,NULL,"NO"
"jkr","flyway_schema_history",NULL,"version",NULL,"character varying",NULL,NULL,"YES"
"jkr","flyway_schema_history",NULL,"description",NULL,"character varying",NULL,NULL,"NO"
"jkr","flyway_schema_history",NULL,"type",NULL,"character varying",NULL,NULL,"NO"
"jkr","flyway_schema_history",NULL,"script",NULL,"character varying",NULL,NULL,"NO"
"jkr","flyway_schema_history",NULL,"checksum",NULL,"integer",NULL,NULL,"YES"
"jkr","flyway_schema_history",NULL,"installed_by",NULL,"character varying",NULL,NULL,"NO"
"jkr","flyway_schema_history",NULL,"installed_on",NULL,"timestamp without time zone",NULL,NULL,"NO"
"jkr","flyway_schema_history",NULL,"execution_time",NULL,"integer",NULL,NULL,"NO"
"jkr","flyway_schema_history",NULL,"success",NULL,"boolean",NULL,NULL,"NO"
"jkr","hapa_aineisto","HAPA- ja BIOHAPA-kohteiden erikseen toimitettava aineisto","id",NULL,"integer",NULL,NULL,"NO"
"jkr","hapa_aineisto","HAPA- ja BIOHAPA-kohteiden erikseen toimitettava aineisto","rakennus_id_tunnus","Rakennuksen tunniste","character varying",NULL,NULL,"YES"
"jkr","hapa_aineisto","HAPA- ja BIOHAPA-kohteiden erikseen toimitettava aineisto","kohde_tunnus","Kohteen tunniste","character varying",NULL,NULL,"YES"
"jkr","hapa_aineisto","HAPA- ja BIOHAPA-kohteiden erikseen toimitettava aineisto","sijaintikunta","Rakennuksen sijaintikunta","character varying",NULL,NULL,"YES"
"jkr","hapa_aineisto","HAPA- ja BIOHAPA-kohteiden erikseen toimitettava aineisto","asiakasnro","Asiakasnumero","character varying",NULL,NULL,"YES"
"jkr","hapa_aineisto","HAPA- ja BIOHAPA-kohteiden erikseen toimitettava aineisto","rakennus_id_tunnus2","Rakennuksen tunniste (toistuva)","character varying",NULL,NULL,"YES"
"jkr","hapa_aineisto","HAPA- ja BIOHAPA-kohteiden erikseen toimitettava aineisto","katunimi_fi","Kadun nimi suomeksi","character varying",NULL,NULL,"YES"
"jkr","hapa_aineisto","HAPA- ja BIOHAPA-kohteiden erikseen toimitettava aineisto","talon_numero","Rakennuksen numero","character varying",NULL,NULL,"YES"
"jkr","hapa_aineisto","HAPA- ja BIOHAPA-kohteiden erikseen toimitettava aineisto","postinumero","Postinumero","character varying",NULL,NULL,"YES"
"jkr","hapa_aineisto","HAPA- ja BIOHAPA-kohteiden erikseen toimitettava aineisto","postitoimipaikka_fi","Postitoimipaikka suomeksi","character varying",NULL,NULL,"YES"
"jkr","hapa_aineisto","HAPA- ja BIOHAPA-kohteiden erikseen toimitettava aineisto","kohdetyyppi","Kohteen tyyppi (hapa/biohapa)","character varying",NULL,NULL,"YES"
"jkr","hapa_aineisto","HAPA- ja BIOHAPA-kohteiden erikseen toimitettava aineisto","tuonti_pvm","Aineiston tuontipäivämäärä","timestamp with time zone",NULL,NULL,"YES"
"jkr","hapa_aineisto","HAPA- ja BIOHAPA-kohteiden erikseen toimitettava aineisto","voimassa","Tiedon voimassaoloaika","daterange",NULL,NULL,"NO"
"jkr","jatteenkuljetusalue","Jätteenkuljetusalueet sisältävä taulu.
Jätteenkuljetusalueiden ulkopuoliset kiinteistöt liittyvät aluejätekeräykseen.","id",NULL,"integer",NULL,NULL,"NO"
"jkr","jatteenkuljetusalue","Jätteenkuljetusalueet sisältävä taulu.
Jätteenkuljetusalueiden ulkopuoliset kiinteistöt liittyvät aluejätekeräykseen.","geom","Jätteenkuljetusalueen geometria","MULTIPOLYGON",2,3067,"YES"
"jkr","jatteenkuljetusalue","Jätteenkuljetusalueet sisältävä taulu.
Jätteenkuljetusalueiden ulkopuoliset kiinteistöt liittyvät aluejätekeräykseen.","nimi",NULL,"text",NULL,NULL,"YES"
"jkr","kaivotieto","Kohteen kaivotiedot (lietevelvoitteiden hallinta). Sisältää tiedot kohteen jätevesijärjestelmistä.","id",NULL,"integer",NULL,NULL,"NO"
"jkr","kaivotieto","Kohteen kaivotiedot (lietevelvoitteiden hallinta). Sisältää tiedot kohteen jätevesijärjestelmistä.","kohde_id","Viittaus kohteeseen","integer",NULL,NULL,"NO"
"jkr","kaivotieto","Kohteen kaivotiedot (lietevelvoitteiden hallinta). Sisältää tiedot kohteen jätevesijärjestelmistä.","kaivotietotyyppi_id","Kaivotietotyyppi: Kantovesi, Saostussäiliö, Pienpuhdistamo, Umpisäiliö, Vain harmaat vedet","integer",NULL,NULL,"NO"
"jkr","kaivotieto","Kohteen kaivotiedot (lietevelvoitteiden hallinta). Sisältää tiedot kohteen jätevesijärjestelmistä.","alkupvm","Kaivotiedon alkamispäivämäärä (Vastausaika Excel-tiedostosta)","date",NULL,NULL,"NO"
"jkr","kaivotieto","Kohteen kaivotiedot (lietevelvoitteiden hallinta). Sisältää tiedot kohteen jätevesijärjestelmistä.","loppupvm","Kaivotiedon päättymispäivämäärä (asetetaan lopetustiedostosta)","date",NULL,NULL,"YES"
"jkr","kaivotieto","Kohteen kaivotiedot (lietevelvoitteiden hallinta). Sisältää tiedot kohteen jätevesijärjestelmistä.","voimassaolo",NULL,"daterange",NULL,NULL,"YES"
"jkr","kaivotieto","Kohteen kaivotiedot (lietevelvoitteiden hallinta). Sisältää tiedot kohteen jätevesijärjestelmistä.","tietolahde","Tiedon lähde (Excel-tiedoston Tietolähde-sarake)","text",NULL,NULL,"YES"
"jkr","kaivotieto","Kohteen kaivotiedot (lietevelvoitteiden hallinta). Sisältää tiedot kohteen jätevesijärjestelmistä.","tiedontuottaja_tunnus","Tiedontuottajan tunnus","character",NULL,NULL,"YES"
"jkr","kaivotieto","Kohteen kaivotiedot (lietevelvoitteiden hallinta). Sisältää tiedot kohteen jätevesijärjestelmistä.","luotu",NULL,"timestamp with time zone",NULL,NULL,"YES"
"jkr","kaivotieto","Kohteen kaivotiedot (lietevelvoitteiden hallinta). Sisältää tiedot kohteen jätevesijärjestelmistä.","muokattu",NULL,"timestamp with time zone",NULL,NULL,"YES"
"jkr","keraysvaline","Taulu, joka sisältää tiedot sopimukseen liittyvistä keräysvälineistä. Jätteenkuljettajien on toimitettava neljä kertaa vuodessa tiedot kuljetukseen kuuluvien jäteastioiden ko'oista ja määristä jätelajeittain (esim. asiakkaalla xxx on 2 kpl 660 litran sekajäte-astioita ja 1 kpl 200 litran sekajäte-astioita sekä 1 kpl 200 litran metallinkeräysastioita)","id",NULL,"integer",NULL,NULL,"NO"
"jkr","keraysvaline","Taulu, joka sisältää tiedot sopimukseen liittyvistä keräysvälineistä. Jätteenkuljettajien on toimitettava neljä kertaa vuodessa tiedot kuljetukseen kuuluvien jäteastioiden ko'oista ja määristä jätelajeittain (esim. asiakkaalla xxx on 2 kpl 660 litran sekajäte-astioita ja 1 kpl 200 litran sekajäte-astioita sekä 1 kpl 200 litran metallinkeräysastioita)","pvm","Päivämäärä, jolloin kuljettajat ovat keränneet raportoitavat tiedot","date",NULL,NULL,"NO"
"jkr","keraysvaline","Taulu, joka sisältää tiedot sopimukseen liittyvistä keräysvälineistä. Jätteenkuljettajien on toimitettava neljä kertaa vuodessa tiedot kuljetukseen kuuluvien jäteastioiden ko'oista ja määristä jätelajeittain (esim. asiakkaalla xxx on 2 kpl 660 litran sekajäte-astioita ja 1 kpl 200 litran sekajäte-astioita sekä 1 kpl 200 litran metallinkeräysastioita)","tilavuus","Keräysväline(id)en tilavuus litroina","integer",NULL,NULL,"YES"
"jkr","keraysvaline","Taulu, joka sisältää tiedot sopimukseen liittyvistä keräysvälineistä. Jätteenkuljettajien on toimitettava neljä kertaa vuodessa tiedot kuljetukseen kuuluvien jäteastioiden ko'oista ja määristä jätelajeittain (esim. asiakkaalla xxx on 2 kpl 660 litran sekajäte-astioita ja 1 kpl 200 litran sekajäte-astioita sekä 1 kpl 200 litran metallinkeräysastioita)","maara","Keräysvälineiden lukumäärä","smallint",NULL,NULL,"NO"
"jkr","keraysvaline","Taulu, joka sisältää tiedot sopimukseen liittyvistä keräysvälineistä. Jätteenkuljettajien on toimitettava neljä kertaa vuodessa tiedot kuljetukseen kuuluvien jäteastioiden ko'oista ja määristä jätelajeittain (esim. asiakkaalla xxx on 2 kpl 660 litran sekajäte-astioita ja 1 kpl 200 litran sekajäte-astioita sekä 1 kpl 200 litran metallinkeräysastioita)","sopimus_id",NULL,"integer",NULL,NULL,"YES"
"jkr","keraysvaline","Taulu, joka sisältää tiedot sopimukseen liittyvistä keräysvälineistä. Jätteenkuljettajien on toimitettava neljä kertaa vuodessa tiedot kuljetukseen kuuluvien jäteastioiden ko'oista ja määristä jätelajeittain (esim. asiakkaalla xxx on 2 kpl 660 litran sekajäte-astioita ja 1 kpl 200 litran sekajäte-astioita sekä 1 kpl 200 litran metallinkeräysastioita)","keraysvalinetyyppi_id",NULL,"smallint",NULL,NULL,"YES"
"jkr","keraysvaline","Taulu, joka sisältää tiedot sopimukseen liittyvistä keräysvälineistä. Jätteenkuljettajien on toimitettava neljä kertaa vuodessa tiedot kuljetukseen kuuluvien jäteastioiden ko'oista ja määristä jätelajeittain (esim. asiakkaalla xxx on 2 kpl 660 litran sekajäte-astioita ja 1 kpl 200 litran sekajäte-astioita sekä 1 kpl 200 litran metallinkeräysastioita)","kohde_id",NULL,"integer",NULL,NULL,"YES"
"jkr","keskeytys","Urakoitsijoille ilmoitetut alle vuoden keskeytykset.","id",NULL,"integer",NULL,NULL,"NO"
"jkr","keskeytys","Urakoitsijoille ilmoitetut alle vuoden keskeytykset.","alkupvm","Keskeytyksen alkamispäivämäärä","date",NULL,NULL,"YES"
"jkr","keskeytys","Urakoitsijoille ilmoitetut alle vuoden keskeytykset.","loppupvm","Keskeytyksen päättymispäivämäärä","date",NULL,NULL,"YES"
"jkr","keskeytys","Urakoitsijoille ilmoitetut alle vuoden keskeytykset.","selite","Mahdollinen selite keskeytykselle","text",NULL,NULL,"YES"
"jkr","keskeytys","Urakoitsijoille ilmoitetut alle vuoden keskeytykset.","sopimus_id",NULL,"integer",NULL,NULL,"NO"
"jkr","keskeytys","Urakoitsijoille ilmoitetut alle vuoden keskeytykset.","voimassaolo","Automaattisesti luotu aikaväli-kenttä keskeytyksen voimassaololle.
Helpottaa aikavälikyselyitä. Voidaan esimerkiksi tehdä kysely
```sql
select *
from jkr.keskeytys
where voimassaolo @> '2021-1-1'::date
```
eikä tarvitse tehdä monimutkaista
```sql
select *
from jkr.keskeytys
where
  (alkupvm is null OR alkupvm <= '2021-1-1'::date`)
  AND
  (loppupvm is null OR '2021-1-1'::date` <= loppupvm)
```","daterange",NULL,NULL,"YES"
"jkr","kiinteisto","Kiinteistöt sisältävä taulu","id",NULL,"integer",NULL,NULL,"NO"
"jkr","kiinteisto","Kiinteistöt sisältävä taulu","kiinteistotunnus","Tekstimuotoinen kiinteistötunnus","text",NULL,NULL,"YES"
"jkr","kiinteisto","Kiinteistöt sisältävä taulu","geom","Kiinteistön geometria","MULTIPOLYGON",2,3067,"YES"
"jkr","kiinteiston_omistajat","Kiinteistön omistajat sisältävä taulu","kiinteisto_id","Kiinteistön yksilöivä sarjanumeromuotoinen tunniste","integer",NULL,NULL,"NO"
"jkr","kiinteiston_omistajat","Kiinteistön omistajat sisältävä taulu","osapuoli_id","Osapuolen yksilöivä sarjanumeromuotoinen tunniste","integer",NULL,NULL,"NO"
"jkr","kohde","Kohteet sisältävä taulu. Kohde koostuu yhden omistajan hallinnoimista lähekkäisistä rakennuksista. Rakennukset voivat sijaita myös eri kiinteistöillä. Yhdellä kiinteistöllä voi olla useita kohteita.","id",NULL,"integer",NULL,NULL,"NO"
"jkr","kohde","Kohteet sisältävä taulu. Kohde koostuu yhden omistajan hallinnoimista lähekkäisistä rakennuksista. Rakennukset voivat sijaita myös eri kiinteistöillä. Yhdellä kiinteistöllä voi olla useita kohteita.","nimi","Kohteen nimi","text",NULL,NULL,"YES"
"jkr","kohde","Kohteet sisältävä taulu. Kohde koostuu yhden omistajan hallinnoimista lähekkäisistä rakennuksista. Rakennukset voivat sijaita myös eri kiinteistöillä. Yhdellä kiinteistöllä voi olla useita kohteita.","geom","Kohteen pseudogeometria. Generoidaan automaattisesti (konveksi peite kohteeseen kuuluvista rakennuksista)","POLYGON",2,3067,"YES"
"jkr","kohde","Kohteet sisältävä taulu. Kohde koostuu yhden omistajan hallinnoimista lähekkäisistä rakennuksista. Rakennukset voivat sijaita myös eri kiinteistöillä. Yhdellä kiinteistöllä voi olla useita kohteita.","alkupvm","Kohteen jätehuoltovelvollisuuden alkupäivämäärä. Käytännössä milloin asiakas on muuttanut rakennukseen","date",NULL,NULL,"YES"
"jkr","kohde","Kohteet sisältävä taulu. Kohde koostuu yhden omistajan hallinnoimista lähekkäisistä rakennuksista. Rakennukset voivat sijaita myös eri kiinteistöillä. Yhdellä kiinteistöllä voi olla useita kohteita.","loppupvm","Kohteen jätehuoltovelvollisuuden loppupäivämäärä. Käytännössä milloin asiakas on muuttanut pois rakennuksesta","date",NULL,NULL,"YES"
"jkr","kohde","Kohteet sisältävä taulu. Kohde koostuu yhden omistajan hallinnoimista lähekkäisistä rakennuksista. Rakennukset voivat sijaita myös eri kiinteistöillä. Yhdellä kiinteistöllä voi olla useita kohteita.","voimassaolo","Kohteen jätehuoltovelvollisuuden voimassaoloaikaväli. Oletusarvo johdetaan lausekkeella muiden sarakkeiden arvoista","daterange",NULL,NULL,"YES"
"jkr","kohde","Kohteet sisältävä taulu. Kohde koostuu yhden omistajan hallinnoimista lähekkäisistä rakennuksista. Rakennukset voivat sijaita myös eri kiinteistöillä. Yhdellä kiinteistöllä voi olla useita kohteita.","kohdetyyppi_id",NULL,"integer",NULL,NULL,"NO"
"jkr","kohde","Kohteet sisältävä taulu. Kohde koostuu yhden omistajan hallinnoimista lähekkäisistä rakennuksista. Rakennukset voivat sijaita myös eri kiinteistöillä. Yhdellä kiinteistöllä voi olla useita kohteita.","lukittu","Tieto siitä, onko kohde lukittu","boolean",NULL,NULL,"YES"
"jkr","kohde","Kohteet sisältävä taulu. Kohde koostuu yhden omistajan hallinnoimista lähekkäisistä rakennuksista. Rakennukset voivat sijaita myös eri kiinteistöillä. Yhdellä kiinteistöllä voi olla useita kohteita.","loppumisen_syy",NULL,"text",NULL,NULL,"YES"
"jkr","kohteen_osapuolet","Kohteen osapuolet sisältävä taulu","kohde_id",NULL,"integer",NULL,NULL,"NO"
"jkr","kohteen_osapuolet","Kohteen osapuolet sisältävä taulu","osapuoli_id",NULL,"integer",NULL,NULL,"NO"
"jkr","kohteen_osapuolet","Kohteen osapuolet sisältävä taulu","osapuolenrooli_id",NULL,"smallint",NULL,NULL,"NO"
"jkr","kohteen_rakennukset","Kohteeseen liittyvät rakennukset sisältävä taulu","rakennus_id",NULL,"integer",NULL,NULL,"NO"
"jkr","kohteen_rakennukset","Kohteeseen liittyvät rakennukset sisältävä taulu","kohde_id",NULL,"integer",NULL,NULL,"NO"
"jkr","kohteen_rakennusehdokkaat","Jos kohteelle ei voida yksiselitteisesti kohdentaa rakennuksia, niin lisätään kohteelle mahdolliset rakennukset tähän tauluun.","kohde_id",NULL,"integer",NULL,NULL,"NO"
"jkr","kohteen_rakennusehdokkaat","Jos kohteelle ei voida yksiselitteisesti kohdentaa rakennuksia, niin lisätään kohteelle mahdolliset rakennukset tähän tauluun.","rakennus_id",NULL,"integer",NULL,NULL,"NO"
"jkr","kompostori",NULL,"id",NULL,"integer",NULL,NULL,"NO"
"jkr","kompostori",NULL,"alkupvm",NULL,"date",NULL,NULL,"NO"
"jkr","kompostori",NULL,"loppupvm",NULL,"date",NULL,NULL,"YES"
"jkr","kompostori",NULL,"voimassaolo",NULL,"daterange",NULL,NULL,"YES"
"jkr","kompostori",NULL,"onko_kimppa",NULL,"boolean",NULL,NULL,"YES"
"jkr","kompostori",NULL,"osoite_id",NULL,"integer",NULL,NULL,"NO"
"jkr","kompostori",NULL,"osapuoli_id",NULL,"integer",NULL,NULL,"NO"
"jkr","kompostori",NULL,"onko_liete",NULL,"boolean",NULL,NULL,"YES"
"jkr","kompostorin_kohteet",NULL,"kompostori_id",NULL,"integer",NULL,NULL,"NO"
"jkr","kompostorin_kohteet",NULL,"kohde_id",NULL,"integer",NULL,NULL,"NO"
"jkr","kuljetus","Taulu, joka sisältää 4 kertaa vuodessa toimitettavat kuljetustiedot","id",NULL,"integer",NULL,NULL,"NO"
"jkr","kuljetus","Taulu, joka sisältää 4 kertaa vuodessa toimitettavat kuljetustiedot","alkupvm","Kujetustapahtumien raportointiaikavälin alkamispäivämäärä","date",NULL,NULL,"NO"
"jkr","kuljetus","Taulu, joka sisältää 4 kertaa vuodessa toimitettavat kuljetustiedot","loppupvm","Kujetustapahtumien raportointiaikavälin päättymispäivämäärä","date",NULL,NULL,"NO"
"jkr","kuljetus","Taulu, joka sisältää 4 kertaa vuodessa toimitettavat kuljetustiedot","tyhjennyskerrat","Raportointiaikavälin aikana suoritettujen kuljetusten lukumäärä","smallint",NULL,NULL,"YES"
"jkr","kuljetus","Taulu, joka sisältää 4 kertaa vuodessa toimitettavat kuljetustiedot","massa","Raportointiaikavälin aikana suoritettujen kuljetusten sisältämä massa kilogrammoina","integer",NULL,NULL,"YES"
"jkr","kuljetus","Taulu, joka sisältää 4 kertaa vuodessa toimitettavat kuljetustiedot","tilavuus","Raportointiaikavälin aikana suoritettujen kuljetusten sisältämä tilavuus litroina","integer",NULL,NULL,"YES"
"jkr","kuljetus","Taulu, joka sisältää 4 kertaa vuodessa toimitettavat kuljetustiedot","aikavali","Kuljetustapahtumien raportointiaikaväli. Oletusarvo johdetaan lausekkeella muiden sarakkeiden arvoista","daterange",NULL,NULL,"YES"
"jkr","kuljetus","Taulu, joka sisältää 4 kertaa vuodessa toimitettavat kuljetustiedot","kohde_id",NULL,"integer",NULL,NULL,"NO"
"jkr","kuljetus","Taulu, joka sisältää 4 kertaa vuodessa toimitettavat kuljetustiedot","jatetyyppi_id",NULL,"integer",NULL,NULL,"NO"
"jkr","kuljetus","Taulu, joka sisältää 4 kertaa vuodessa toimitettavat kuljetustiedot","tiedontuottaja_tunnus",NULL,"text",NULL,NULL,"NO"
"jkr","kuljetus","Taulu, joka sisältää 4 kertaa vuodessa toimitettavat kuljetustiedot","lietteentyhjennyspaiva","Lietteen tyhjennyspäivämäärä (LIETE-aineisto). Käytetään lietevelvoitteiden laskennassa.","date",NULL,NULL,"YES"
"jkr","kuljetus","Taulu, joka sisältää 4 kertaa vuodessa toimitettavat kuljetustiedot","jatteen_kuvaus","Jätteen kuvaus LIETE-aineistosta (keräysvälinetyyppi: Umpisäiliö, Saostussäiliö, Pienpuhdistamo, Ei tiedossa). Näytetään QGIS:ssä nimellä Jätelaji.","text",NULL,NULL,"YES"
"jkr","osapuoli","Kohteen, rakennuksen ja kiinteistön osapuolien tiedot sisältävä taulu","id",NULL,"integer",NULL,NULL,"NO"
"jkr","osapuoli","Kohteen, rakennuksen ja kiinteistön osapuolien tiedot sisältävä taulu","katuosoite","Katuosoite","text",NULL,NULL,"YES"
"jkr","osapuoli","Kohteen, rakennuksen ja kiinteistön osapuolien tiedot sisältävä taulu","postitoimipaikka","Postitoimipaikka","text",NULL,NULL,"YES"
"jkr","osapuoli","Kohteen, rakennuksen ja kiinteistön osapuolien tiedot sisältävä taulu","erikoisosoite","Ulkomaanosoitteet","text",NULL,NULL,"YES"
"jkr","osapuoli","Kohteen, rakennuksen ja kiinteistön osapuolien tiedot sisältävä taulu","ytunnus","Y-tunnus, jos osapuoli on yritys / yhteisö","text",NULL,NULL,"YES"
"jkr","osapuoli","Kohteen, rakennuksen ja kiinteistön osapuolien tiedot sisältävä taulu","ulkoinen_id","Vierasavain, jonka avulla voidaan yksilöidä ulkoisesta lähteestä tuotavat henkilötiedot. Estää sen, ettei päivittäessä tuoda jo olemassa olevia henkilöitä uudelleen.","bigint",NULL,NULL,"YES"
"jkr","osapuoli","Kohteen, rakennuksen ja kiinteistön osapuolien tiedot sisältävä taulu","postinumero","Postinumero","text",NULL,NULL,"YES"
"jkr","osapuoli","Kohteen, rakennuksen ja kiinteistön osapuolien tiedot sisältävä taulu","osapuolenlaji_koodi",NULL,"text",NULL,NULL,"YES"
"jkr","osapuoli","Kohteen, rakennuksen ja kiinteistön osapuolien tiedot sisältävä taulu","nimi","Osapuolen nimi","text",NULL,NULL,"NO"
"jkr","osapuoli","Kohteen, rakennuksen ja kiinteistön osapuolien tiedot sisältävä taulu","kunta",NULL,"text",NULL,NULL,"YES"
"jkr","osapuoli","Kohteen, rakennuksen ja kiinteistön osapuolien tiedot sisältävä taulu","henkilotunnus",NULL,"text",NULL,NULL,"YES"
"jkr","osapuoli","Kohteen, rakennuksen ja kiinteistön osapuolien tiedot sisältävä taulu","tiedontuottaja_tunnus",NULL,"text",NULL,NULL,"YES"
"jkr","osapuoli","Kohteen, rakennuksen ja kiinteistön osapuolien tiedot sisältävä taulu","vakinaisen_osoitteen_alkupaiva","Alkupäivä vakinaiselle osoitteelle","date",NULL,NULL,"YES"
"jkr","osapuoli","Kohteen, rakennuksen ja kiinteistön osapuolien tiedot sisältävä taulu","kuolinpaiva","Omistaja kuolinpäivä","date",NULL,NULL,"YES"
"jkr","osapuoli","Kohteen, rakennuksen ja kiinteistön osapuolien tiedot sisältävä taulu","postiosoite_postinumero","Postiosoitteen postinumero","character varying",NULL,NULL,"YES"
"jkr","osapuoli","Kohteen, rakennuksen ja kiinteistön osapuolien tiedot sisältävä taulu","postiosoitteen_postitoimipaikka","Postiosoitteen postitoimipaikka","character varying",NULL,NULL,"YES"
"jkr","osapuoli","Kohteen, rakennuksen ja kiinteistön osapuolien tiedot sisältävä taulu","postiosoite","Postiosoite","character varying",NULL,NULL,"YES"
"jkr","osapuoli","Kohteen, rakennuksen ja kiinteistön osapuolien tiedot sisältävä taulu","maakoodi","Osapuolen kotimaan koodi","character varying",NULL,NULL,"YES"
"jkr","osoite","Osoitetiedot sisältävä taulu","id",NULL,"integer",NULL,NULL,"NO"
"jkr","osoite","Osoitetiedot sisältävä taulu","osoitenumero","Katuosoitteeseen liittyvä talon ja/tai rapun ja/tai asunnon numero","text",NULL,NULL,"YES"
"jkr","osoite","Osoitetiedot sisältävä taulu","katu_id",NULL,"integer",NULL,NULL,"YES"
"jkr","osoite","Osoitetiedot sisältävä taulu","rakennus_id",NULL,"integer",NULL,NULL,"NO"
"jkr","osoite","Osoitetiedot sisältävä taulu","posti_numero",NULL,"character",NULL,NULL,"YES"
"jkr","pohjavesialue","Pohjavesialueet sisältävä taulu","id",NULL,"integer",NULL,NULL,"NO"
"jkr","pohjavesialue","Pohjavesialueet sisältävä taulu","geom","Pohjavesialueen geometria","MULTIPOLYGON",2,3067,"YES"
"jkr","rakennuksen_omistajat","Rakennuksen omistajat sisältävä taulu","rakennus_id","Rakennuksen yksilöivä sarjanumeromuotoinen tunniste","integer",NULL,NULL,"NO"
"jkr","rakennuksen_omistajat","Rakennuksen omistajat sisältävä taulu","osapuoli_id","Osapuolen yksilöivä sarjanumeromuotoinen tunniste","integer",NULL,NULL,"NO"
"jkr","rakennuksen_omistajat","Rakennuksen omistajat sisältävä taulu","omistuksen_alkupvm",NULL,"date",NULL,NULL,"YES"
"jkr","rakennuksen_omistajat","Rakennuksen omistajat sisältävä taulu","omistuksen_loppupvm",NULL,"date",NULL,NULL,"YES"
"jkr","rakennuksen_omistajat","Rakennuksen omistajat sisältävä taulu","id",NULL,"integer",NULL,NULL,"NO"
"jkr","rakennuksen_vanhimmat",NULL,"rakennus_id",NULL,"integer",NULL,NULL,"NO"
"jkr","rakennuksen_vanhimmat",NULL,"osapuoli_id",NULL,"integer",NULL,NULL,"NO"
"jkr","rakennuksen_vanhimmat",NULL,"huoneistokirjain",NULL,"text",NULL,NULL,"YES"
"jkr","rakennuksen_vanhimmat",NULL,"huoneistonumero",NULL,"integer",NULL,NULL,"YES"
"jkr","rakennuksen_vanhimmat",NULL,"jakokirjain",NULL,"text",NULL,NULL,"YES"
"jkr","rakennuksen_vanhimmat",NULL,"alkupvm",NULL,"date",NULL,NULL,"YES"
"jkr","rakennuksen_vanhimmat",NULL,"loppupvm",NULL,"date",NULL,NULL,"YES"
"jkr","rakennuksen_vanhimmat",NULL,"id",NULL,"integer",NULL,NULL,"NO"
"jkr","rakennus","Rakennukset sisältävä taulu","id",NULL,"integer",NULL,NULL,"NO"
"jkr","rakennus","Rakennukset sisältävä taulu","prt","Yksilöivä 10-merkkinen rakennustunnus","character",NULL,NULL,"YES"
"jkr","rakennus","Rakennukset sisältävä taulu","huoneistomaara","Rakennukseen kuuluvien huoneistojen lukumäärä","smallint",NULL,NULL,"YES"
"jkr","rakennus","Rakennukset sisältävä taulu","kiinteistotunnus","Tekstimuotoinen kiinteistötunnus","text",NULL,NULL,"YES"
"jkr","rakennus","Rakennukset sisältävä taulu","onko_viemari","Totuusarvo, joka kertoo sen kuuluuko rakennus viemäriverkostoon vai ei","boolean",NULL,NULL,"YES"
"jkr","rakennus","Rakennukset sisältävä taulu","geom","Rakennuksen geometria","POINT",2,3067,"YES"
"jkr","rakennus","Rakennukset sisältävä taulu","rakennuksenkayttotarkoitus_koodi",NULL,"text",NULL,NULL,"YES"
"jkr","rakennus","Rakennukset sisältävä taulu","rakennuksenolotila_koodi",NULL,"text",NULL,NULL,"YES"
"jkr","rakennus","Rakennukset sisältävä taulu","kayttoonotto_pvm","Rakennuksen käyttöönottopäivämäärä","date",NULL,NULL,"YES"
"jkr","rakennus","Rakennukset sisältävä taulu","kaytostapoisto_pvm","Rakennuksen käytöstäpoistopäivämäärä","date",NULL,NULL,"YES"
"jkr","rakennus","Rakennukset sisältävä taulu","kaytossaolotilanteenmuutos_pvm",NULL,"date",NULL,NULL,"YES"
"jkr","rakennus","Rakennukset sisältävä taulu","rakennusluokka_2018","Rakennusluokka 2018 -luokituksen mukainen rakennuksen käyttötarkoitus","character varying",NULL,NULL,"YES"
"jkr","rakennus","Rakennukset sisältävä taulu","kunta","Tieto rakennuksen sijainti kunnasta","character varying",NULL,NULL,"YES"
"jkr","sisaanluku_tapahtuma","Sisäänlukutapahtumien lokitaulu. Kirjaa kaikki aineiston sisäänlukukomennot.","id",NULL,"integer",NULL,NULL,"NO"
"jkr","sisaanluku_tapahtuma","Sisäänlukutapahtumien lokitaulu. Kirjaa kaikki aineiston sisäänlukukomennot.","komento","Suoritettu komento parametreineen","text",NULL,NULL,"NO"
"jkr","sisaanluku_tapahtuma","Sisäänlukutapahtumien lokitaulu. Kirjaa kaikki aineiston sisäänlukukomennot.","alkuaika","Sisäänluvun aloitusaika","timestamp with time zone",NULL,NULL,"NO"
"jkr","sisaanluku_tapahtuma","Sisäänlukutapahtumien lokitaulu. Kirjaa kaikki aineiston sisäänlukukomennot.","loppuaika","Sisäänluvun päättymisaika. NULL jos kesken.","timestamp with time zone",NULL,NULL,"YES"
"jkr","sisaanluku_tapahtuma","Sisäänlukutapahtumien lokitaulu. Kirjaa kaikki aineiston sisäänlukukomennot.","status","Tila: käynnissä, valmis, virhe","text",NULL,NULL,"NO"
"jkr","sisaanluku_tapahtuma","Sisäänlukutapahtumien lokitaulu. Kirjaa kaikki aineiston sisäänlukukomennot.","lisatiedot","Lisätietoja, esim. virheilmoitus","text",NULL,NULL,"YES"
"jkr","sisaanluku_tapahtuma","Sisäänlukutapahtumien lokitaulu. Kirjaa kaikki aineiston sisäänlukukomennot.","kesto","Laskettu kesto (loppuaika - alkuaika), minuutin tarkkuudella","interval",NULL,NULL,"YES"
"jkr","sopimus","Taulu, joka sisältää tiedot kohteeseen liittyvistä sopimuksista","id",NULL,"integer",NULL,NULL,"NO"
"jkr","sopimus","Taulu, joka sisältää tiedot kohteeseen liittyvistä sopimuksista","alkupvm","Sopimuksen voimaantulopäivämäärä","date",NULL,NULL,"YES"
"jkr","sopimus","Taulu, joka sisältää tiedot kohteeseen liittyvistä sopimuksista","loppupvm","Sopimuksen päättymispäivämäärä","date",NULL,NULL,"YES"
"jkr","sopimus","Taulu, joka sisältää tiedot kohteeseen liittyvistä sopimuksista","kimppaisanta_kohde_id",NULL,"integer",NULL,NULL,"YES"
"jkr","sopimus","Taulu, joka sisältää tiedot kohteeseen liittyvistä sopimuksista","kohde_id",NULL,"integer",NULL,NULL,"NO"
"jkr","sopimus","Taulu, joka sisältää tiedot kohteeseen liittyvistä sopimuksista","jatetyyppi_id",NULL,"integer",NULL,NULL,"YES"
"jkr","sopimus","Taulu, joka sisältää tiedot kohteeseen liittyvistä sopimuksista","voimassaolo","Sopimuksen voimassaoloaikaväli. Oletusarvo johdetaan lausekkeella muiden sarakkeiden arvoista","daterange",NULL,NULL,"YES"
"jkr","sopimus","Taulu, joka sisältää tiedot kohteeseen liittyvistä sopimuksista","sopimustyyppi_id",NULL,"smallint",NULL,NULL,"NO"
"jkr","sopimus","Taulu, joka sisältää tiedot kohteeseen liittyvistä sopimuksista","tiedontuottaja_tunnus",NULL,"text",NULL,NULL,"NO"
"jkr","taajama","Taajamien aluerajaus.
Käytetään biojätteen keräysvelvoitteen selvittämiseen, eli rakennusten jotka sijaitsevat yli 10000 hengen taajamissa (keskustaajamat).","id",NULL,"integer",NULL,NULL,"NO"
"jkr","taajama","Taajamien aluerajaus.
Käytetään biojätteen keräysvelvoitteen selvittämiseen, eli rakennusten jotka sijaitsevat yli 10000 hengen taajamissa (keskustaajamat).","geom","Taajaman aluerajaus","MULTIPOLYGON",2,3067,"NO"
"jkr","taajama","Taajamien aluerajaus.
Käytetään biojätteen keräysvelvoitteen selvittämiseen, eli rakennusten jotka sijaitsevat yli 10000 hengen taajamissa (keskustaajamat).","nimi",NULL,"text",NULL,NULL,"YES"
"jkr","taajama","Taajamien aluerajaus.
Käytetään biojätteen keräysvelvoitteen selvittämiseen, eli rakennusten jotka sijaitsevat yli 10000 hengen taajamissa (keskustaajamat).","vaesto_lkm",NULL,"bigint",NULL,NULL,"YES"
"jkr","taajama","Taajamien aluerajaus.
Käytetään biojätteen keräysvelvoitteen selvittämiseen, eli rakennusten jotka sijaitsevat yli 10000 hengen taajamissa (keskustaajamat).","taajama_id",NULL,"smallint",NULL,NULL,"YES"
"jkr","taajama","Taajamien aluerajaus.
Käytetään biojätteen keräysvelvoitteen selvittämiseen, eli rakennusten jotka sijaitsevat yli 10000 hengen taajamissa (keskustaajamat).","alkupvm",NULL,"date",NULL,NULL,"NO"
"jkr","taajama","Taajamien aluerajaus.
Käytetään biojätteen keräysvelvoitteen selvittämiseen, eli rakennusten jotka sijaitsevat yli 10000 hengen taajamissa (keskustaajamat).","loppupvm",NULL,"date",NULL,NULL,"YES"
"jkr","taajama","Taajamien aluerajaus.
Käytetään biojätteen keräysvelvoitteen selvittämiseen, eli rakennusten jotka sijaitsevat yli 10000 hengen taajamissa (keskustaajamat).","voimassaolo",NULL,"daterange",NULL,NULL,"YES"
"jkr","toimialue","Viranomaisen toimialueen aluerajaus kunnittain.
Aluerajauksen avulla valitaan tutkittavaksi ainoastaan ne rakennukset/kiinteistöt, jotka sijaitseat aluerajauksen sisällä.","id",NULL,"integer",NULL,NULL,"NO"
"jkr","toimialue","Viranomaisen toimialueen aluerajaus kunnittain.
Aluerajauksen avulla valitaan tutkittavaksi ainoastaan ne rakennukset/kiinteistöt, jotka sijaitseat aluerajauksen sisällä.","nimi",NULL,"text",NULL,NULL,"YES"
"jkr","toimialue","Viranomaisen toimialueen aluerajaus kunnittain.
Aluerajauksen avulla valitaan tutkittavaksi ainoastaan ne rakennukset/kiinteistöt, jotka sijaitseat aluerajauksen sisällä.","geom",NULL,"MULTIPOLYGON",2,3067,"NO"
"jkr","tyhjennysvali","Sopimukseen liittyvät tyhjennysvälitiedot sisältävä taulu","id",NULL,"integer",NULL,NULL,"NO"
"jkr","tyhjennysvali","Sopimukseen liittyvät tyhjennysvälitiedot sisältävä taulu","alkuvko","Viikkonumero, josta alkaen astiat tyhjennetään X viikon välein. Oletusarvo on se, että tyhjennysväli asetetaan vuodeksi kerrallaan (eli alkaa vuoden ensimmäisestä viikosta)","smallint",NULL,NULL,"YES"
"jkr","tyhjennysvali","Sopimukseen liittyvät tyhjennysvälitiedot sisältävä taulu","loppuvko","Viikkonumero, johon päättyy astioiden tyhjentäminen X viikon välein. Oletusarvo on se, että tyhjennysväli asetetaan vuodeksi kerrallaan (eli päättyy vuoden viimeisenä viikkona)","smallint",NULL,NULL,"YES"
"jkr","tyhjennysvali","Sopimukseen liittyvät tyhjennysvälitiedot sisältävä taulu","tyhjennysvali","Tyhjennysväli viikoissa","smallint",NULL,NULL,"NO"
"jkr","tyhjennysvali","Sopimukseen liittyvät tyhjennysvälitiedot sisältävä taulu","sopimus_id",NULL,"integer",NULL,NULL,"NO"
"jkr","tyhjennysvali","Sopimukseen liittyvät tyhjennysvälitiedot sisältävä taulu","kertaaviikossa",NULL,"smallint",NULL,NULL,"YES"
"jkr","ulkoinen_asiakastieto","Kohteeseen liittyvää asiakastietoa ulkoisesta lähteestä (Facta, Dynasty, eri urakoitsijat).","id","Taulun avaimena toimiva uniikki kokonaislukutunniste. Tunniste generoidaan automaattisesti","integer",NULL,NULL,"NO"
"jkr","ulkoinen_asiakastieto","Kohteeseen liittyvää asiakastietoa ulkoisesta lähteestä (Facta, Dynasty, eri urakoitsijat).","tiedontuottaja_tunnus",NULL,"text",NULL,NULL,"NO"
"jkr","ulkoinen_asiakastieto","Kohteeseen liittyvää asiakastietoa ulkoisesta lähteestä (Facta, Dynasty, eri urakoitsijat).","ulkoinen_id","Apu-id, jonka avulla saadaan haettua asiakkaiden tiedot kaikista muista järjestelmistä. Käytännössä asikasnumero kussakin ulkoisessa järjestelmässä","text",NULL,NULL,"NO"
"jkr","ulkoinen_asiakastieto","Kohteeseen liittyvää asiakastietoa ulkoisesta lähteestä (Facta, Dynasty, eri urakoitsijat).","kohde_id",NULL,"integer",NULL,NULL,"NO"
"jkr","ulkoinen_asiakastieto","Kohteeseen liittyvää asiakastietoa ulkoisesta lähteestä (Facta, Dynasty, eri urakoitsijat).","ulkoinen_asiakastieto","Mitä vain ulkoisesta järjestelmästä löytyvää tietoa asiakkaasta. Tallennetaan json-muodossa","jsonb",NULL,NULL,"YES"
"jkr","v_bio_hapa_asuinkiinteisto","Näkymä Hapa, Biohaba ja asunkiinteistö-tyyppisten kohteiden tunnistamiseen","id",NULL,"integer",NULL,NULL,"YES"
"jkr","v_biohapa_kohde","Näkymä BIOHAPA-tyyppisten kohteiden tunnistamiseen","id",NULL,"integer",NULL,NULL,"YES"
"jkr","v_ei_erilliskeraysalueet",NULL,"id",NULL,"integer",NULL,NULL,"YES"
"jkr","v_ei_erilliskeraysalueet",NULL,"nimi",NULL,"text",NULL,NULL,"YES"
"jkr","v_ei_erilliskeraysalueet",NULL,"geom",NULL,"POLYGON",2,3067,"YES"
"jkr","v_ei_erilliskeraysalueet",NULL,"alkupvm",NULL,"date",NULL,NULL,"YES"
"jkr","v_ei_erilliskeraysalueet",NULL,"loppupvm",NULL,"date",NULL,NULL,"YES"
"jkr","v_ei_erilliskeraysalueet",NULL,"voimassaolo",NULL,"daterange",NULL,NULL,"YES"
"jkr","v_ei_erilliskeraysalueet",NULL,"kohdetyyppi_id",NULL,"integer",NULL,NULL,"YES"
"jkr","v_enint_4_huoneistoa_biojatteen_erilliskeraysalue",NULL,"id",NULL,"integer",NULL,NULL,"YES"
"jkr","v_enint_4_huoneistoa_biojatteen_erilliskeraysalue",NULL,"nimi",NULL,"text",NULL,NULL,"YES"
"jkr","v_enint_4_huoneistoa_biojatteen_erilliskeraysalue",NULL,"geom",NULL,"POLYGON",2,3067,"YES"
"jkr","v_enint_4_huoneistoa_biojatteen_erilliskeraysalue",NULL,"alkupvm",NULL,"date",NULL,NULL,"YES"
"jkr","v_enint_4_huoneistoa_biojatteen_erilliskeraysalue",NULL,"loppupvm",NULL,"date",NULL,NULL,"YES"
"jkr","v_enint_4_huoneistoa_biojatteen_erilliskeraysalue",NULL,"voimassaolo",NULL,"daterange",NULL,NULL,"YES"
"jkr","v_enint_4_huoneistoa_biojatteen_erilliskeraysalue",NULL,"kohdetyyppi_id",NULL,"integer",NULL,NULL,"YES"
"jkr","v_enint_4_huoneistoa_ei_biojatteen_erilliskeraysalue",NULL,"id",NULL,"integer",NULL,NULL,"YES"
"jkr","v_enint_4_huoneistoa_ei_biojatteen_erilliskeraysalue",NULL,"nimi",NULL,"text",NULL,NULL,"YES"
"jkr","v_enint_4_huoneistoa_ei_biojatteen_erilliskeraysalue",NULL,"geom",NULL,"POLYGON",2,3067,"YES"
"jkr","v_enint_4_huoneistoa_ei_biojatteen_erilliskeraysalue",NULL,"alkupvm",NULL,"date",NULL,NULL,"YES"
"jkr","v_enint_4_huoneistoa_ei_biojatteen_erilliskeraysalue",NULL,"loppupvm",NULL,"date",NULL,NULL,"YES"
"jkr","v_enint_4_huoneistoa_ei_biojatteen_erilliskeraysalue",NULL,"voimassaolo",NULL,"daterange",NULL,NULL,"YES"
"jkr","v_enint_4_huoneistoa_ei_biojatteen_erilliskeraysalue",NULL,"kohdetyyppi_id",NULL,"integer",NULL,NULL,"YES"
"jkr","v_erilliskeraysalueet",NULL,"id",NULL,"integer",NULL,NULL,"YES"
"jkr","v_erilliskeraysalueet",NULL,"nimi",NULL,"text",NULL,NULL,"YES"
"jkr","v_erilliskeraysalueet",NULL,"geom",NULL,"POLYGON",2,3067,"YES"
"jkr","v_erilliskeraysalueet",NULL,"alkupvm",NULL,"date",NULL,NULL,"YES"
"jkr","v_erilliskeraysalueet",NULL,"loppupvm",NULL,"date",NULL,NULL,"YES"
"jkr","v_erilliskeraysalueet",NULL,"voimassaolo",NULL,"daterange",NULL,NULL,"YES"
"jkr","v_erilliskeraysalueet",NULL,"kohdetyyppi_id",NULL,"integer",NULL,NULL,"YES"
"jkr","v_hapa_kohde","Näkymä HAPA-tyyppisten kohteiden tunnistamiseen","id",NULL,"integer",NULL,NULL,"YES"
"jkr","v_kaivotiedot","Näkymä kaivotiedoista kohteen ja tyypin tiedoilla","id",NULL,"integer",NULL,NULL,"YES"
"jkr","v_kaivotiedot","Näkymä kaivotiedoista kohteen ja tyypin tiedoilla","kohde_id",NULL,"integer",NULL,NULL,"YES"
"jkr","v_kaivotiedot","Näkymä kaivotiedoista kohteen ja tyypin tiedoilla","kohde_nimi",NULL,"text",NULL,NULL,"YES"
"jkr","v_kaivotiedot","Näkymä kaivotiedoista kohteen ja tyypin tiedoilla","kaivotietotyyppi_id",NULL,"integer",NULL,NULL,"YES"
"jkr","v_kaivotiedot","Näkymä kaivotiedoista kohteen ja tyypin tiedoilla","kaivotietotyyppi",NULL,"text",NULL,NULL,"YES"
"jkr","v_kaivotiedot","Näkymä kaivotiedoista kohteen ja tyypin tiedoilla","alkupvm",NULL,"date",NULL,NULL,"YES"
"jkr","v_kaivotiedot","Näkymä kaivotiedoista kohteen ja tyypin tiedoilla","loppupvm",NULL,"date",NULL,NULL,"YES"
"jkr","v_kaivotiedot","Näkymä kaivotiedoista kohteen ja tyypin tiedoilla","voimassaolo",NULL,"daterange",NULL,NULL,"YES"
"jkr","v_kaivotiedot","Näkymä kaivotiedoista kohteen ja tyypin tiedoilla","tietolahde",NULL,"text",NULL,NULL,"YES"
"jkr","v_kaivotiedot","Näkymä kaivotiedoista kohteen ja tyypin tiedoilla","tiedontuottaja_tunnus",NULL,"character",NULL,NULL,"YES"
"jkr","v_kaivotiedot","Näkymä kaivotiedoista kohteen ja tyypin tiedoilla","tiedontuottaja_nimi",NULL,"text",NULL,NULL,"YES"
"jkr","v_kaivotiedot","Näkymä kaivotiedoista kohteen ja tyypin tiedoilla","luotu",NULL,"timestamp with time zone",NULL,NULL,"YES"
"jkr","v_kaivotiedot","Näkymä kaivotiedoista kohteen ja tyypin tiedoilla","muokattu",NULL,"timestamp with time zone",NULL,NULL,"YES"
"jkr","v_keraysvalineet","Apunäkymä velvoitekyselyille. Sisältää mm. jätetyypin selitteen ja sopimuksen voimassaoloajan.","kohde_id",NULL,"integer",NULL,NULL,"YES"
"jkr","v_keraysvalineet","Apunäkymä velvoitekyselyille. Sisältää mm. jätetyypin selitteen ja sopimuksen voimassaoloajan.","sopimus_id",NULL,"integer",NULL,NULL,"YES"
"jkr","v_keraysvalineet","Apunäkymä velvoitekyselyille. Sisältää mm. jätetyypin selitteen ja sopimuksen voimassaoloajan.","sopimus_voimassaolo",NULL,"daterange",NULL,NULL,"YES"
"jkr","v_keraysvalineet","Apunäkymä velvoitekyselyille. Sisältää mm. jätetyypin selitteen ja sopimuksen voimassaoloajan.","pvm",NULL,"date",NULL,NULL,"YES"
"jkr","v_keraysvalineet","Apunäkymä velvoitekyselyille. Sisältää mm. jätetyypin selitteen ja sopimuksen voimassaoloajan.","jatetyyppi_selite",NULL,"text",NULL,NULL,"YES"
"jkr","v_keraysvalineet","Apunäkymä velvoitekyselyille. Sisältää mm. jätetyypin selitteen ja sopimuksen voimassaoloajan.","keraysvalinetyyppi_selite",NULL,"text",NULL,NULL,"YES"
"jkr","v_keskeytys","Apunäkymä velvoitekyselyille. Sisältää mm. jätetyypin selitteen ja sopimuksen voimassaoloajan.","kohde_id",NULL,"integer",NULL,NULL,"YES"
"jkr","v_keskeytys","Apunäkymä velvoitekyselyille. Sisältää mm. jätetyypin selitteen ja sopimuksen voimassaoloajan.","sopimus_id",NULL,"integer",NULL,NULL,"YES"
"jkr","v_keskeytys","Apunäkymä velvoitekyselyille. Sisältää mm. jätetyypin selitteen ja sopimuksen voimassaoloajan.","sopimus_voimassaolo",NULL,"daterange",NULL,NULL,"YES"
"jkr","v_keskeytys","Apunäkymä velvoitekyselyille. Sisältää mm. jätetyypin selitteen ja sopimuksen voimassaoloajan.","jatetyyppi_selite",NULL,"text",NULL,NULL,"YES"
"jkr","v_keskeytys","Apunäkymä velvoitekyselyille. Sisältää mm. jätetyypin selitteen ja sopimuksen voimassaoloajan.","keskeytys_voimassa",NULL,"daterange",NULL,NULL,"YES"
"jkr","v_kohdehaku",NULL,"kohde_id",NULL,"integer",NULL,NULL,"YES"
"jkr","v_kohdehaku",NULL,"kohteen_nimi",NULL,"text",NULL,NULL,"YES"
"jkr","v_kohdehaku",NULL,"kohteen_alkupvm",NULL,"date",NULL,NULL,"YES"
"jkr","v_kohdehaku",NULL,"kohteen_loppupvm",NULL,"date",NULL,NULL,"YES"
"jkr","v_kohdehaku",NULL,"kohde_geom",NULL,"POLYGON",2,3067,"YES"
"jkr","v_kohdehaku",NULL,"ulkoinen_jarjestelma",NULL,"text",NULL,NULL,"YES"
"jkr","v_kohdehaku",NULL,"ulkoinen_asiakasnumero",NULL,"text",NULL,NULL,"YES"
"jkr","v_kohdehaku",NULL,"osapuolenrooli_id",NULL,"smallint",NULL,NULL,"YES"
"jkr","v_kohdehaku",NULL,"osapuoli_nimi",NULL,"text",NULL,NULL,"YES"
"jkr","v_kohdehaku",NULL,"osapuoli_osoite",NULL,"text",NULL,NULL,"YES"
"jkr","v_kohdehaku",NULL,"osapuoli_postinumero",NULL,"text",NULL,NULL,"YES"
"jkr","v_kohdehaku",NULL,"osapuoli_kunta",NULL,"text",NULL,NULL,"YES"
"jkr","v_kohdehaku",NULL,"rakennuksen_prt",NULL,"character",NULL,NULL,"YES"
"jkr","v_kohdehaku",NULL,"rakennuksen_kiinteistotunnus",NULL,"text",NULL,NULL,"YES"
"jkr","v_kohdehaku",NULL,"rakennuksen_katunimi",NULL,"text",NULL,NULL,"YES"
"jkr","v_kohdehaku",NULL,"rakennuksen_osoitenumero",NULL,"text",NULL,NULL,"YES"
"jkr","v_kohdehaku",NULL,"rakennuksen_kunta",NULL,"text",NULL,NULL,"YES"
"jkr","v_kohdehaku",NULL,"rakennuksen_postinumero",NULL,"character",NULL,NULL,"YES"
"jkr","v_kohdehaku",NULL,"rakennuksen_postitoimipaikka",NULL,"text",NULL,NULL,"YES"
"jkr","v_kohdevelvoitteet_distinct",NULL,"velvoite_id",NULL,"integer",NULL,NULL,"YES"
"jkr","v_kohdevelvoitteet_distinct",NULL,"kohde_id",NULL,"integer",NULL,NULL,"YES"
"jkr","v_kohdevelvoitteet_distinct",NULL,"velvoitemalli_id",NULL,"integer",NULL,NULL,"YES"
"jkr","v_kohdevelvoitteet_distinct",NULL,"velvoitemalli_selite",NULL,"text",NULL,NULL,"YES"
"jkr","v_kohdevelvoitteet_distinct",NULL,"velvoitemalli_kuvaus",NULL,"text",NULL,NULL,"YES"
"jkr","v_kohdevelvoitteet_distinct",NULL,"voimassaolo",NULL,"daterange",NULL,NULL,"YES"
"jkr","v_kohdevelvoitteet_distinct",NULL,"voimassa",NULL,"boolean",NULL,NULL,"YES"
"jkr","v_kohdevelvoitteet_distinct",NULL,"status_id",NULL,"integer",NULL,NULL,"YES"
"jkr","v_kohdevelvoitteet_distinct",NULL,"status_ok",NULL,"boolean",NULL,NULL,"YES"
"jkr","v_kohdevelvoitteet_distinct",NULL,"status_tallennuspvm",NULL,"date",NULL,NULL,"YES"
"jkr","v_kohdevelvoitteet_distinct",NULL,"status_jakso",NULL,"daterange",NULL,NULL,"YES"
"jkr","v_kohdevelvoitteet_distinct",NULL,"jakso",NULL,"text",NULL,NULL,"YES"
"jkr","v_kohdevelvoitteet_distinct",NULL,"nykystatus",NULL,"boolean",NULL,NULL,"YES"
"jkr","v_kohdevelvoitteet_status",NULL,"velvoite_id",NULL,"integer",NULL,NULL,"YES"
"jkr","v_kohdevelvoitteet_status",NULL,"kohde_id",NULL,"integer",NULL,NULL,"YES"
"jkr","v_kohdevelvoitteet_status",NULL,"velvoitemalli_id",NULL,"integer",NULL,NULL,"YES"
"jkr","v_kohdevelvoitteet_status",NULL,"velvoitemalli_selite",NULL,"text",NULL,NULL,"YES"
"jkr","v_kohdevelvoitteet_status",NULL,"velvoitemalli_kuvaus",NULL,"text",NULL,NULL,"YES"
"jkr","v_kohdevelvoitteet_status",NULL,"voimassaolo",NULL,"daterange",NULL,NULL,"YES"
"jkr","v_kohdevelvoitteet_status",NULL,"voimassa",NULL,"boolean",NULL,NULL,"YES"
"jkr","v_kohdevelvoitteet_status",NULL,"status_id",NULL,"integer",NULL,NULL,"YES"
"jkr","v_kohdevelvoitteet_status",NULL,"status_ok",NULL,"boolean",NULL,NULL,"YES"
"jkr","v_kohdevelvoitteet_status",NULL,"status_tallennuspvm",NULL,"date",NULL,NULL,"YES"
"jkr","v_kohdevelvoitteet_status",NULL,"status_jakso",NULL,"daterange",NULL,NULL,"YES"
"jkr","v_kohdevelvoitteet_status",NULL,"nykystatus",NULL,"boolean",NULL,NULL,"YES"
"jkr","v_kohteen_kompostorin_tiedot",NULL,"gid",NULL,"bigint",NULL,NULL,"YES"
"jkr","v_kohteen_kompostorin_tiedot",NULL,"kohde_id",NULL,"integer",NULL,NULL,"YES"
"jkr","v_kohteen_kompostorin_tiedot",NULL,"kompostori_id",NULL,"integer",NULL,NULL,"YES"
"jkr","v_kohteen_kompostorin_tiedot",NULL,"alkupvm",NULL,"date",NULL,NULL,"YES"
"jkr","v_kohteen_kompostorin_tiedot",NULL,"loppupvm",NULL,"date",NULL,NULL,"YES"
"jkr","v_kohteen_kompostorin_tiedot",NULL,"voimassaolo",NULL,"daterange",NULL,NULL,"YES"
"jkr","v_kohteen_kompostorin_tiedot",NULL,"onko_kimppa",NULL,"boolean",NULL,NULL,"YES"
"jkr","v_kohteen_kompostorin_tiedot",NULL,"osoite_id",NULL,"integer",NULL,NULL,"YES"
"jkr","v_kohteen_kompostorin_tiedot",NULL,"osapuoli_id",NULL,"integer",NULL,NULL,"YES"
"jkr","v_kohteen_lietetiedot","Kohteen lietetiedot QGIS-välilehteä varten. Sisältää viemäriverkostoliittymän, kaivotiedot ja lietteen kompostointi-ilmoituksen.","id",NULL,"bigint",NULL,NULL,"YES"
"jkr","v_kohteen_lietetiedot","Kohteen lietetiedot QGIS-välilehteä varten. Sisältää viemäriverkostoliittymän, kaivotiedot ja lietteen kompostointi-ilmoituksen.","kohde_id",NULL,"integer",NULL,NULL,"YES"
"jkr","v_kohteen_lietetiedot","Kohteen lietetiedot QGIS-välilehteä varten. Sisältää viemäriverkostoliittymän, kaivotiedot ja lietteen kompostointi-ilmoituksen.","Viemäriverkostoliittymä alkupvm",NULL,"date",NULL,NULL,"YES"
"jkr","v_kohteen_lietetiedot","Kohteen lietetiedot QGIS-välilehteä varten. Sisältää viemäriverkostoliittymän, kaivotiedot ja lietteen kompostointi-ilmoituksen.","Saostussäiliö alkupvm",NULL,"date",NULL,NULL,"YES"
"jkr","v_kohteen_lietetiedot","Kohteen lietetiedot QGIS-välilehteä varten. Sisältää viemäriverkostoliittymän, kaivotiedot ja lietteen kompostointi-ilmoituksen.","Pienpuhdistamo alkupvm",NULL,"date",NULL,NULL,"YES"
"jkr","v_kohteen_lietetiedot","Kohteen lietetiedot QGIS-välilehteä varten. Sisältää viemäriverkostoliittymän, kaivotiedot ja lietteen kompostointi-ilmoituksen.","Umpisäiliö alkupvm",NULL,"date",NULL,NULL,"YES"
"jkr","v_kohteen_lietetiedot","Kohteen lietetiedot QGIS-välilehteä varten. Sisältää viemäriverkostoliittymän, kaivotiedot ja lietteen kompostointi-ilmoituksen.","Vain harmaat vedet alkupvm",NULL,"date",NULL,NULL,"YES"
"jkr","v_kohteen_lietetiedot","Kohteen lietetiedot QGIS-välilehteä varten. Sisältää viemäriverkostoliittymän, kaivotiedot ja lietteen kompostointi-ilmoituksen.","Kantovesi-ilmoitus alkupvm",NULL,"date",NULL,NULL,"YES"
"jkr","v_kohteen_lietetiedot","Kohteen lietetiedot QGIS-välilehteä varten. Sisältää viemäriverkostoliittymän, kaivotiedot ja lietteen kompostointi-ilmoituksen.","Lietteen kompostointi-ilmoitus alkupvm",NULL,"date",NULL,NULL,"YES"
"jkr","v_kohteen_lietetiedot","Kohteen lietetiedot QGIS-välilehteä varten. Sisältää viemäriverkostoliittymän, kaivotiedot ja lietteen kompostointi-ilmoituksen.","Lietteen kompostointi-ilmoitus loppupvm",NULL,"date",NULL,NULL,"YES"
"jkr","v_kohteen_osapuolet",NULL,"kohde_id",NULL,"integer",NULL,NULL,"YES"
"jkr","v_kohteen_osapuolet",NULL,"osapuolenrooli_id",NULL,"smallint",NULL,NULL,"YES"
"jkr","v_kohteen_osapuolet",NULL,"id",NULL,"integer",NULL,NULL,"YES"
"jkr","v_kohteen_osapuolet",NULL,"katuosoite",NULL,"text",NULL,NULL,"YES"
"jkr","v_kohteen_osapuolet",NULL,"postitoimipaikka",NULL,"text",NULL,NULL,"YES"
"jkr","v_kohteen_osapuolet",NULL,"erikoisosoite",NULL,"text",NULL,NULL,"YES"
"jkr","v_kohteen_osapuolet",NULL,"ytunnus",NULL,"text",NULL,NULL,"YES"
"jkr","v_kohteen_osapuolet",NULL,"ulkoinen_id",NULL,"bigint",NULL,NULL,"YES"
"jkr","v_kohteen_osapuolet",NULL,"postinumero",NULL,"text",NULL,NULL,"YES"
"jkr","v_kohteen_osapuolet",NULL,"osapuolenlaji_koodi",NULL,"text",NULL,NULL,"YES"
"jkr","v_kohteen_osapuolet",NULL,"nimi",NULL,"text",NULL,NULL,"YES"
"jkr","v_kohteen_osapuolet",NULL,"kunta",NULL,"text",NULL,NULL,"YES"
"jkr","v_kohteen_osapuolet",NULL,"henkilotunnus",NULL,"text",NULL,NULL,"YES"
"jkr","v_kohteen_osapuolet",NULL,"tiedontuottaja_tunnus",NULL,"text",NULL,NULL,"YES"
"jkr","v_kohteen_osapuolet_roolilla",NULL,"gid",NULL,"bigint",NULL,NULL,"YES"
"jkr","v_kohteen_osapuolet_roolilla",NULL,"kohde_id",NULL,"integer",NULL,NULL,"YES"
"jkr","v_kohteen_osapuolet_roolilla",NULL,"osapuoli_id",NULL,"integer",NULL,NULL,"YES"
"jkr","v_kohteen_osapuolet_roolilla",NULL,"osapuolenrooli_id",NULL,"smallint",NULL,NULL,"YES"
"jkr","v_kohteen_osapuolet_roolilla",NULL,"osapuoli",NULL,"text",NULL,NULL,"YES"
"jkr","v_kohteen_viranomaispaatokset","Näkymä, joka sisältää kohteen kaikki viranomaispäätökset QGIS-tarkastelua varten.","id",NULL,"integer",NULL,NULL,"YES"
"jkr","v_kohteen_viranomaispaatokset","Näkymä, joka sisältää kohteen kaikki viranomaispäätökset QGIS-tarkastelua varten.","paatosnumero",NULL,"text",NULL,NULL,"YES"
"jkr","v_kohteen_viranomaispaatokset","Näkymä, joka sisältää kohteen kaikki viranomaispäätökset QGIS-tarkastelua varten.","alkupvm",NULL,"date",NULL,NULL,"YES"
"jkr","v_kohteen_viranomaispaatokset","Näkymä, joka sisältää kohteen kaikki viranomaispäätökset QGIS-tarkastelua varten.","loppupvm",NULL,"date",NULL,NULL,"YES"
"jkr","v_kohteen_viranomaispaatokset","Näkymä, joka sisältää kohteen kaikki viranomaispäätökset QGIS-tarkastelua varten.","voimassaolo",NULL,"daterange",NULL,NULL,"YES"
"jkr","v_kohteen_viranomaispaatokset","Näkymä, joka sisältää kohteen kaikki viranomaispäätökset QGIS-tarkastelua varten.","vastaanottaja",NULL,"text",NULL,NULL,"YES"
"jkr","v_kohteen_viranomaispaatokset","Näkymä, joka sisältää kohteen kaikki viranomaispäätökset QGIS-tarkastelua varten.","tyhjennysvali",NULL,"smallint",NULL,NULL,"YES"
"jkr","v_kohteen_viranomaispaatokset","Näkymä, joka sisältää kohteen kaikki viranomaispäätökset QGIS-tarkastelua varten.","paatostulos_koodi",NULL,"text",NULL,NULL,"YES"
"jkr","v_kohteen_viranomaispaatokset","Näkymä, joka sisältää kohteen kaikki viranomaispäätökset QGIS-tarkastelua varten.","tapahtumalaji_koodi",NULL,"text",NULL,NULL,"YES"
"jkr","v_kohteen_viranomaispaatokset","Näkymä, joka sisältää kohteen kaikki viranomaispäätökset QGIS-tarkastelua varten.","akppoistosyy_id",NULL,"integer",NULL,NULL,"YES"
"jkr","v_kohteen_viranomaispaatokset","Näkymä, joka sisältää kohteen kaikki viranomaispäätökset QGIS-tarkastelua varten.","jatetyyppi_id",NULL,"integer",NULL,NULL,"YES"
"jkr","v_kohteen_viranomaispaatokset","Näkymä, joka sisältää kohteen kaikki viranomaispäätökset QGIS-tarkastelua varten.","rakennus_id",NULL,"integer",NULL,NULL,"YES"
"jkr","v_kohteen_viranomaispaatokset","Näkymä, joka sisältää kohteen kaikki viranomaispäätökset QGIS-tarkastelua varten.","kohde_id",NULL,"integer",NULL,NULL,"YES"
"jkr","v_kohteen_yhteystiedot",NULL,"kohde_id",NULL,"integer",NULL,NULL,"YES"
"jkr","v_kohteen_yhteystiedot",NULL,"kiinteistotunnus",NULL,"text",NULL,NULL,"YES"
"jkr","v_kohteen_yhteystiedot",NULL,"prt",NULL,"text",NULL,NULL,"YES"
"jkr","v_kohteen_yhteystiedot",NULL,"yhteyshenkilo",NULL,"text",NULL,NULL,"YES"
"jkr","v_kohteen_yhteystiedot",NULL,"katuosoite",NULL,"text",NULL,NULL,"YES"
"jkr","v_kohteen_yhteystiedot",NULL,"postitoimipaikka",NULL,"text",NULL,NULL,"YES"
"jkr","v_kohteen_yhteystiedot",NULL,"postinumero",NULL,"text",NULL,NULL,"YES"
"jkr","v_kohteen_yhteystiedot",NULL,"erikoisosoite",NULL,"text",NULL,NULL,"YES"
"jkr","v_kohteet_ilman_rakennuksia",NULL,"id",NULL,"integer",NULL,NULL,"YES"
"jkr","v_kohteet_ilman_rakennuksia",NULL,"nimi",NULL,"text",NULL,NULL,"YES"
"jkr","v_kohteet_ilman_rakennuksia",NULL,"geom",NULL,"POLYGON",2,3067,"YES"
"jkr","v_kohteet_ilman_rakennuksia",NULL,"alkupvm",NULL,"date",NULL,NULL,"YES"
"jkr","v_kohteet_ilman_rakennuksia",NULL,"loppupvm",NULL,"date",NULL,NULL,"YES"
"jkr","v_kohteet_ilman_rakennuksia",NULL,"voimassaolo",NULL,"daterange",NULL,NULL,"YES"
"jkr","v_kohteet_ilman_rakennuksia",NULL,"kohdetyyppi_id",NULL,"integer",NULL,NULL,"YES"
"jkr","v_kuljetukset_tiedontuottajalla",NULL,"id",NULL,"integer",NULL,NULL,"YES"
"jkr","v_kuljetukset_tiedontuottajalla",NULL,"alkupvm",NULL,"date",NULL,NULL,"YES"
"jkr","v_kuljetukset_tiedontuottajalla",NULL,"loppupvm",NULL,"date",NULL,NULL,"YES"
"jkr","v_kuljetukset_tiedontuottajalla",NULL,"tyhjennyskerrat",NULL,"smallint",NULL,NULL,"YES"
"jkr","v_kuljetukset_tiedontuottajalla",NULL,"massa",NULL,"integer",NULL,NULL,"YES"
"jkr","v_kuljetukset_tiedontuottajalla",NULL,"tilavuus",NULL,"integer",NULL,NULL,"YES"
"jkr","v_kuljetukset_tiedontuottajalla",NULL,"aikavali",NULL,"daterange",NULL,NULL,"YES"
"jkr","v_kuljetukset_tiedontuottajalla",NULL,"kohde_id",NULL,"integer",NULL,NULL,"YES"
"jkr","v_kuljetukset_tiedontuottajalla",NULL,"jatetyyppi_id",NULL,"integer",NULL,NULL,"YES"
"jkr","v_kuljetukset_tiedontuottajalla",NULL,"jatetyyppi_selite",NULL,"text",NULL,NULL,"YES"
"jkr","v_kuljetukset_tiedontuottajalla",NULL,"tiedontuottaja_tunnus",NULL,"text",NULL,NULL,"YES"
"jkr","v_kuljetukset_tiedontuottajalla",NULL,"tiedontuottaja_nimi",NULL,"text",NULL,NULL,"YES"
"jkr","v_kuljetukset_tiedontuottajalla",NULL,"tyhjennysvali",NULL,"smallint",NULL,NULL,"YES"
"jkr","v_kuljetukset_tiedontuottajalla",NULL,"lietteentyhjennyspaiva",NULL,"date",NULL,NULL,"YES"
"jkr","v_kuljetukset_tiedontuottajalla",NULL,"jatelaji",NULL,"text",NULL,NULL,"YES"
"jkr","v_rakennukset","Rakennusnäkymä, joka sisältää kaikki jkr.rakennus-taulun kentät sekä generoidun kentän onko rakennukselle tyrkyllä kohteita.","id",NULL,"integer",NULL,NULL,"YES"
"jkr","v_rakennukset","Rakennusnäkymä, joka sisältää kaikki jkr.rakennus-taulun kentät sekä generoidun kentän onko rakennukselle tyrkyllä kohteita.","prt",NULL,"character",NULL,NULL,"YES"
"jkr","v_rakennukset","Rakennusnäkymä, joka sisältää kaikki jkr.rakennus-taulun kentät sekä generoidun kentän onko rakennukselle tyrkyllä kohteita.","huoneistomaara",NULL,"smallint",NULL,NULL,"YES"
"jkr","v_rakennukset","Rakennusnäkymä, joka sisältää kaikki jkr.rakennus-taulun kentät sekä generoidun kentän onko rakennukselle tyrkyllä kohteita.","kiinteistotunnus",NULL,"text",NULL,NULL,"YES"
"jkr","v_rakennukset","Rakennusnäkymä, joka sisältää kaikki jkr.rakennus-taulun kentät sekä generoidun kentän onko rakennukselle tyrkyllä kohteita.","onko_viemari",NULL,"boolean",NULL,NULL,"YES"
"jkr","v_rakennukset","Rakennusnäkymä, joka sisältää kaikki jkr.rakennus-taulun kentät sekä generoidun kentän onko rakennukselle tyrkyllä kohteita.","geom",NULL,"POINT",2,3067,"YES"
"jkr","v_rakennukset","Rakennusnäkymä, joka sisältää kaikki jkr.rakennus-taulun kentät sekä generoidun kentän onko rakennukselle tyrkyllä kohteita.","rakennuksenkayttotarkoitus_koodi",NULL,"text",NULL,NULL,"YES"
"jkr","v_rakennukset","Rakennusnäkymä, joka sisältää kaikki jkr.rakennus-taulun kentät sekä generoidun kentän onko rakennukselle tyrkyllä kohteita.","rakennuksenolotila_koodi",NULL,"text",NULL,NULL,"YES"
"jkr","v_rakennukset","Rakennusnäkymä, joka sisältää kaikki jkr.rakennus-taulun kentät sekä generoidun kentän onko rakennukselle tyrkyllä kohteita.","kayttoonotto_pvm",NULL,"date",NULL,NULL,"YES"
"jkr","v_rakennukset","Rakennusnäkymä, joka sisältää kaikki jkr.rakennus-taulun kentät sekä generoidun kentän onko rakennukselle tyrkyllä kohteita.","kaytostapoisto_pvm",NULL,"date",NULL,NULL,"YES"
"jkr","v_rakennukset","Rakennusnäkymä, joka sisältää kaikki jkr.rakennus-taulun kentät sekä generoidun kentän onko rakennukselle tyrkyllä kohteita.","rakennusluokka_selite",NULL,"text",NULL,NULL,"YES"
"jkr","v_rakennukset","Rakennusnäkymä, joka sisältää kaikki jkr.rakennus-taulun kentät sekä generoidun kentän onko rakennukselle tyrkyllä kohteita.","rakennusluokka_2018",NULL,"character varying",NULL,NULL,"YES"
"jkr","v_rakennukset","Rakennusnäkymä, joka sisältää kaikki jkr.rakennus-taulun kentät sekä generoidun kentän onko rakennukselle tyrkyllä kohteita.","on_kohde_ehdokkaita",NULL,"boolean",NULL,NULL,"YES"
"jkr","v_rakennukset","Rakennusnäkymä, joka sisältää kaikki jkr.rakennus-taulun kentät sekä generoidun kentän onko rakennukselle tyrkyllä kohteita.","kunta",NULL,"character varying",NULL,NULL,"YES"
"jkr","v_rakennusten_osoitteet","Näkymä joka kokoaa kullekin rakennukselle osoitetauluista tiedot yhteen","id",NULL,"integer",NULL,NULL,"YES"
"jkr","v_rakennusten_osoitteet","Näkymä joka kokoaa kullekin rakennukselle osoitetauluista tiedot yhteen","rakennus_id",NULL,"integer",NULL,NULL,"YES"
"jkr","v_rakennusten_osoitteet","Näkymä joka kokoaa kullekin rakennukselle osoitetauluista tiedot yhteen","katunimi",NULL,"text",NULL,NULL,"YES"
"jkr","v_rakennusten_osoitteet","Näkymä joka kokoaa kullekin rakennukselle osoitetauluista tiedot yhteen","osoitenumero",NULL,"text",NULL,NULL,"YES"
"jkr","v_rakennusten_osoitteet","Näkymä joka kokoaa kullekin rakennukselle osoitetauluista tiedot yhteen","kunta",NULL,"text",NULL,NULL,"YES"
"jkr","v_rakennusten_osoitteet","Näkymä joka kokoaa kullekin rakennukselle osoitetauluista tiedot yhteen","postinumero",NULL,"character",NULL,NULL,"YES"
"jkr","v_rakennusten_osoitteet","Näkymä joka kokoaa kullekin rakennukselle osoitetauluista tiedot yhteen","postitoimipaikka",NULL,"text",NULL,NULL,"YES"
"jkr","v_sopimukset","Apunäkymä velvoitekyselyille. Sisältää mm. jätetyypin selitteen.","sopimus_id",NULL,"integer",NULL,NULL,"YES"
"jkr","v_sopimukset","Apunäkymä velvoitekyselyille. Sisältää mm. jätetyypin selitteen.","kohde_id",NULL,"integer",NULL,NULL,"YES"
"jkr","v_sopimukset","Apunäkymä velvoitekyselyille. Sisältää mm. jätetyypin selitteen.","jatetyyppi_selite",NULL,"text",NULL,NULL,"YES"
"jkr","v_sopimukset","Apunäkymä velvoitekyselyille. Sisältää mm. jätetyypin selitteen.","sopimus_voimassaolo",NULL,"daterange",NULL,NULL,"YES"
"jkr","v_sopimukset","Apunäkymä velvoitekyselyille. Sisältää mm. jätetyypin selitteen.","kimppaisanta_kohde_id",NULL,"integer",NULL,NULL,"YES"
"jkr","v_sopimus_tiedontuottajalla",NULL,"id",NULL,"integer",NULL,NULL,"YES"
"jkr","v_sopimus_tiedontuottajalla",NULL,"alkupvm",NULL,"date",NULL,NULL,"YES"
"jkr","v_sopimus_tiedontuottajalla",NULL,"loppupvm",NULL,"date",NULL,NULL,"YES"
"jkr","v_sopimus_tiedontuottajalla",NULL,"voimassaolo",NULL,"daterange",NULL,NULL,"YES"
"jkr","v_sopimus_tiedontuottajalla",NULL,"kimppaisanta_kohde_id",NULL,"integer",NULL,NULL,"YES"
"jkr","v_sopimus_tiedontuottajalla",NULL,"kohde_id",NULL,"integer",NULL,NULL,"YES"
"jkr","v_sopimus_tiedontuottajalla",NULL,"jatetyyppi_id",NULL,"integer",NULL,NULL,"YES"
"jkr","v_sopimus_tiedontuottajalla",NULL,"jatetyyppi_selite",NULL,"text",NULL,NULL,"YES"
"jkr","v_sopimus_tiedontuottajalla",NULL,"jatetyyppi_ewc",NULL,"character",NULL,NULL,"YES"
"jkr","v_sopimus_tiedontuottajalla",NULL,"sopimustyyppi_id",NULL,"smallint",NULL,NULL,"YES"
"jkr","v_sopimus_tiedontuottajalla",NULL,"sopimustyyppi_selite",NULL,"text",NULL,NULL,"YES"
"jkr","v_sopimus_tiedontuottajalla",NULL,"tiedontuottaja_tunnus",NULL,"text",NULL,NULL,"YES"
"jkr","v_sopimus_tiedontuottajalla",NULL,"tiedontuottaja_nimi",NULL,"text",NULL,NULL,"YES"
"jkr","v_tuontiloki_rivit","Tuontiloki: näyttää sisäänlukutapahtumat tiivistettynä QGIS-näkymää varten.","id","Tapahtuman yksilöivä tunniste","integer",NULL,NULL,"YES"
"jkr","v_tuontiloki_rivit","Tuontiloki: näyttää sisäänlukutapahtumat tiivistettynä QGIS-näkymää varten.","paiva","Ajon päivämäärä","date",NULL,NULL,"YES"
"jkr","v_tuontiloki_rivit","Tuontiloki: näyttää sisäänlukutapahtumat tiivistettynä QGIS-näkymää varten.","kellonaika","Ajon aloituskellonaika (HH:MM:SS)","text",NULL,NULL,"YES"
"jkr","v_tuontiloki_rivit","Tuontiloki: näyttää sisäänlukutapahtumat tiivistettynä QGIS-näkymää varten.","tyyppi","Aineistotyyppi värikoodilla (Liete, DVV, Kuljetukset jne.)","text",NULL,NULL,"YES"
"jkr","v_tuontiloki_rivit","Tuontiloki: näyttää sisäänlukutapahtumat tiivistettynä QGIS-näkymää varten.","status","Tila: käynnissä, valmis, virhe","text",NULL,NULL,"YES"
"jkr","v_tuontiloki_rivit","Tuontiloki: näyttää sisäänlukutapahtumat tiivistettynä QGIS-näkymää varten.","tulos","Kooste ajon tuloksista (kohdentuneet, kohdentumattomat yms.)","text",NULL,NULL,"YES"
"jkr","v_tuontiloki_rivit","Tuontiloki: näyttää sisäänlukutapahtumat tiivistettynä QGIS-näkymää varten.","komento","Suoritettu komento","text",NULL,NULL,"YES"
"jkr","v_tuontiloki_rivit","Tuontiloki: näyttää sisäänlukutapahtumat tiivistettynä QGIS-näkymää varten.","kesto","Kesto interval-muodossa","interval",NULL,NULL,"YES"
"jkr","v_tuontiloki_rivit","Tuontiloki: näyttää sisäänlukutapahtumat tiivistettynä QGIS-näkymää varten.","kesto_teksti","Kesto tekstinä (HH:MM)","text",NULL,NULL,"YES"
"jkr","v_tyhjennysvalit","Apunäkymä velvoitekyselyille. Sisältää mm. jätetyypin selitteen ja sopimuksen voimassaoloajan.","kohde_id",NULL,"integer",NULL,NULL,"YES"
"jkr","v_tyhjennysvalit","Apunäkymä velvoitekyselyille. Sisältää mm. jätetyypin selitteen ja sopimuksen voimassaoloajan.","sopimus_id",NULL,"integer",NULL,NULL,"YES"
"jkr","v_tyhjennysvalit","Apunäkymä velvoitekyselyille. Sisältää mm. jätetyypin selitteen ja sopimuksen voimassaoloajan.","sopimus_voimassaolo",NULL,"daterange",NULL,NULL,"YES"
"jkr","v_tyhjennysvalit","Apunäkymä velvoitekyselyille. Sisältää mm. jätetyypin selitteen ja sopimuksen voimassaoloajan.","jatetyyppi_selite",NULL,"text",NULL,NULL,"YES"
"jkr","v_tyhjennysvalit","Apunäkymä velvoitekyselyille. Sisältää mm. jätetyypin selitteen ja sopimuksen voimassaoloajan.","alkuvko",NULL,"smallint",NULL,NULL,"YES"
"jkr","v_tyhjennysvalit","Apunäkymä velvoitekyselyille. Sisältää mm. jätetyypin selitteen ja sopimuksen voimassaoloajan.","loppuvko",NULL,"smallint",NULL,NULL,"YES"
"jkr","v_tyhjennysvalit","Apunäkymä velvoitekyselyille. Sisältää mm. jätetyypin selitteen ja sopimuksen voimassaoloajan.","tyhjennysvali",NULL,"smallint",NULL,NULL,"YES"
"jkr","v_ulkoinen_asiakastieto_tiedontuottajalla",NULL,"id",NULL,"integer",NULL,NULL,"YES"
"jkr","v_ulkoinen_asiakastieto_tiedontuottajalla",NULL,"tiedontuottaja_tunnus",NULL,"text",NULL,NULL,"YES"
"jkr","v_ulkoinen_asiakastieto_tiedontuottajalla",NULL,"tiedontuottaja_nimi",NULL,"text",NULL,NULL,"YES"
"jkr","v_ulkoinen_asiakastieto_tiedontuottajalla",NULL,"ulkoinen_id",NULL,"text",NULL,NULL,"YES"
"jkr","v_ulkoinen_asiakastieto_tiedontuottajalla",NULL,"kohde_id",NULL,"integer",NULL,NULL,"YES"
"jkr","v_ulkoinen_asiakastieto_tiedontuottajalla",NULL,"urakoitsija_id",NULL,"text",NULL,NULL,"YES"
"jkr","v_ulkoinen_asiakastieto_tiedontuottajalla",NULL,"urakoitsijan_kohde_id",NULL,"text",NULL,NULL,"YES"
"jkr","v_ulkoinen_asiakastieto_tiedontuottajalla",NULL,"kiinteistotunnus",NULL,"text",NULL,NULL,"YES"
"jkr","v_ulkoinen_asiakastieto_tiedontuottajalla",NULL,"kiinteiston_katuosoite",NULL,"text",NULL,NULL,"YES"
"jkr","v_ulkoinen_asiakastieto_tiedontuottajalla",NULL,"kiinteiston_posti",NULL,"text",NULL,NULL,"YES"
"jkr","v_ulkoinen_asiakastieto_tiedontuottajalla",NULL,"haltijan_nimi",NULL,"text",NULL,NULL,"YES"
"jkr","v_ulkoinen_asiakastieto_tiedontuottajalla",NULL,"haltijan_yhteyshlo",NULL,"text",NULL,NULL,"YES"
"jkr","v_ulkoinen_asiakastieto_tiedontuottajalla",NULL,"haltijan_katuosoite",NULL,"text",NULL,NULL,"YES"
"jkr","v_ulkoinen_asiakastieto_tiedontuottajalla",NULL,"haltijan_posti",NULL,"text",NULL,NULL,"YES"
"jkr","v_ulkoinen_asiakastieto_tiedontuottajalla",NULL,"haltijan_maakoodi",NULL,"text",NULL,NULL,"YES"
"jkr","v_ulkoinen_asiakastieto_tiedontuottajalla",NULL,"haltijan_ulkomaan_paikkakunta",NULL,"text",NULL,NULL,"YES"
"jkr","v_ulkoinen_asiakastieto_tiedontuottajalla",NULL,"pvm_alkaen",NULL,"date",NULL,NULL,"YES"
"jkr","v_ulkoinen_asiakastieto_tiedontuottajalla",NULL,"pvm_asti",NULL,"date",NULL,NULL,"YES"
"jkr","v_ulkoinen_asiakastieto_tiedontuottajalla",NULL,"jatetyyppi_ewc",NULL,"text",NULL,NULL,"YES"
"jkr","v_ulkoinen_asiakastieto_tiedontuottajalla",NULL,"astiamaara",NULL,"numeric",NULL,NULL,"YES"
"jkr","v_ulkoinen_asiakastieto_tiedontuottajalla",NULL,"astian_koko",NULL,"numeric",NULL,NULL,"YES"
"jkr","v_ulkoinen_asiakastieto_tiedontuottajalla",NULL,"kunta_tunnus",NULL,"integer",NULL,NULL,"YES"
"jkr","v_ulkoinen_asiakastieto_tiedontuottajalla",NULL,"kimppakohde_id",NULL,"text",NULL,NULL,"YES"
"jkr","v_ulkoinen_asiakastieto_tiedontuottajalla",NULL,"kimpan_nimi",NULL,"text",NULL,NULL,"YES"
"jkr","v_ulkoinen_asiakastieto_tiedontuottajalla",NULL,"kimpan_yhteyshlo",NULL,"text",NULL,NULL,"YES"
"jkr","v_ulkoinen_asiakastieto_tiedontuottajalla",NULL,"kimpan_katuosoite",NULL,"text",NULL,NULL,"YES"
"jkr","v_ulkoinen_asiakastieto_tiedontuottajalla",NULL,"kimpan_posti",NULL,"text",NULL,NULL,"YES"
"jkr","v_ulkoinen_asiakastieto_tiedontuottajalla",NULL,"keskeytys_alkaen",NULL,"date",NULL,NULL,"YES"
"jkr","v_ulkoinen_asiakastieto_tiedontuottajalla",NULL,"keskeytys_asti",NULL,"date",NULL,NULL,"YES"
"jkr","v_ulkoinen_asiakastieto_tiedontuottajalla",NULL,"kaynnit",NULL,"text",NULL,NULL,"YES"
"jkr","v_ulkoinen_asiakastieto_tiedontuottajalla",NULL,"paino",NULL,"text",NULL,NULL,"YES"
"jkr","v_ulkoinen_asiakastieto_tiedontuottajalla",NULL,"tyhjennysvali",NULL,"text",NULL,NULL,"YES"
"jkr","v_ulkoinen_asiakastieto_tiedontuottajalla",NULL,"alkuperainen_json",NULL,"text",NULL,NULL,"YES"
"jkr","v_vah_5_huoneistoa_ei_hyotyjatteen_erilliskeraysalue",NULL,"id",NULL,"integer",NULL,NULL,"YES"
"jkr","v_vah_5_huoneistoa_ei_hyotyjatteen_erilliskeraysalue",NULL,"nimi",NULL,"text",NULL,NULL,"YES"
"jkr","v_vah_5_huoneistoa_ei_hyotyjatteen_erilliskeraysalue",NULL,"geom",NULL,"POLYGON",2,3067,"YES"
"jkr","v_vah_5_huoneistoa_ei_hyotyjatteen_erilliskeraysalue",NULL,"alkupvm",NULL,"date",NULL,NULL,"YES"
"jkr","v_vah_5_huoneistoa_ei_hyotyjatteen_erilliskeraysalue",NULL,"loppupvm",NULL,"date",NULL,NULL,"YES"
"jkr","v_vah_5_huoneistoa_ei_hyotyjatteen_erilliskeraysalue",NULL,"voimassaolo",NULL,"daterange",NULL,NULL,"YES"
"jkr","v_vah_5_huoneistoa_ei_hyotyjatteen_erilliskeraysalue",NULL,"kohdetyyppi_id",NULL,"integer",NULL,NULL,"YES"
"jkr","v_vah_5_huoneistoa_hyotyjatteen_erilliskeraysalue",NULL,"id",NULL,"integer",NULL,NULL,"YES"
"jkr","v_vah_5_huoneistoa_hyotyjatteen_erilliskeraysalue",NULL,"nimi",NULL,"text",NULL,NULL,"YES"
"jkr","v_vah_5_huoneistoa_hyotyjatteen_erilliskeraysalue",NULL,"geom",NULL,"POLYGON",2,3067,"YES"
"jkr","v_vah_5_huoneistoa_hyotyjatteen_erilliskeraysalue",NULL,"alkupvm",NULL,"date",NULL,NULL,"YES"
"jkr","v_vah_5_huoneistoa_hyotyjatteen_erilliskeraysalue",NULL,"loppupvm",NULL,"date",NULL,NULL,"YES"
"jkr","v_vah_5_huoneistoa_hyotyjatteen_erilliskeraysalue",NULL,"voimassaolo",NULL,"daterange",NULL,NULL,"YES"
"jkr","v_vah_5_huoneistoa_hyotyjatteen_erilliskeraysalue",NULL,"kohdetyyppi_id",NULL,"integer",NULL,NULL,"YES"
"jkr","v_velvoite_status",NULL,"id",NULL,"integer",NULL,NULL,"YES"
"jkr","v_velvoite_status",NULL,"jakso",NULL,"text",NULL,NULL,"YES"
"jkr","v_velvoite_status",NULL,"ok",NULL,"boolean",NULL,NULL,"YES"
"jkr","v_velvoite_status",NULL,"velvoite_id",NULL,"integer",NULL,NULL,"YES"
"jkr","v_velvoite_status",NULL,"tallennuspvm",NULL,"date",NULL,NULL,"YES"
"jkr","v_velvoiteyhteenveto_status",NULL,"id",NULL,"integer",NULL,NULL,"YES"
"jkr","v_velvoiteyhteenveto_status",NULL,"jakso",NULL,"text",NULL,NULL,"YES"
"jkr","v_velvoiteyhteenveto_status",NULL,"ok",NULL,"boolean",NULL,NULL,"YES"
"jkr","v_velvoiteyhteenveto_status",NULL,"velvoiteyhteenveto_id",NULL,"integer",NULL,NULL,"YES"
"jkr","v_velvoiteyhteenveto_status",NULL,"tallennuspvm",NULL,"date",NULL,NULL,"YES"
"jkr","v_yli_5_asunnon_kohteet",NULL,"id",NULL,"integer",NULL,NULL,"YES"
"jkr","v_yli_5_asunnon_kohteet",NULL,"nimi",NULL,"text",NULL,NULL,"YES"
"jkr","v_yli_5_asunnon_kohteet",NULL,"geom",NULL,"POLYGON",2,3067,"YES"
"jkr","v_yli_5_asunnon_kohteet",NULL,"alkupvm",NULL,"date",NULL,NULL,"YES"
"jkr","v_yli_5_asunnon_kohteet",NULL,"loppupvm",NULL,"date",NULL,NULL,"YES"
"jkr","v_yli_5_asunnon_kohteet",NULL,"voimassaolo",NULL,"daterange",NULL,NULL,"YES"
"jkr","v_yli_5_asunnon_kohteet",NULL,"kohdetyyppi_id",NULL,"integer",NULL,NULL,"YES"
"jkr","v_yli_5_asunnon_kohteet",NULL,"huoneistomaara",NULL,"bigint",NULL,NULL,"YES"
"jkr","velvoite","Taulu, joka sisältää kohteeseen liittyvät velvoitteet","id",NULL,"integer",NULL,NULL,"NO"
"jkr","velvoite","Taulu, joka sisältää kohteeseen liittyvät velvoitteet","kohde_id",NULL,"integer",NULL,NULL,"NO"
"jkr","velvoite","Taulu, joka sisältää kohteeseen liittyvät velvoitteet","velvoitemalli_id",NULL,"integer",NULL,NULL,"NO"
"jkr","velvoite_status","Taulu sisältää tallennetut tilanteet kohteen velvollisuuksille.
Velvoitteen tilanteet voidaan tallentaa tietylle päivämäärälle kyselyllä
```sql
select tallenna_velvoite_status('2020-3-1');
```","id",NULL,"integer",NULL,NULL,"NO"
"jkr","velvoite_status","Taulu sisältää tallennetut tilanteet kohteen velvollisuuksille.
Velvoitteen tilanteet voidaan tallentaa tietylle päivämäärälle kyselyllä
```sql
select tallenna_velvoite_status('2020-3-1');
```","ok","Täyttyykö velvoite kyseisenä ajanhetkenä.","boolean",NULL,NULL,"NO"
"jkr","velvoite_status","Taulu sisältää tallennetut tilanteet kohteen velvollisuuksille.
Velvoitteen tilanteet voidaan tallentaa tietylle päivämäärälle kyselyllä
```sql
select tallenna_velvoite_status('2020-3-1');
```","velvoite_id",NULL,"integer",NULL,NULL,"NO"
"jkr","velvoite_status","Taulu sisältää tallennetut tilanteet kohteen velvollisuuksille.
Velvoitteen tilanteet voidaan tallentaa tietylle päivämäärälle kyselyllä
```sql
select tallenna_velvoite_status('2020-3-1');
```","tallennuspvm","Velvoitteen tilanteen tallennuspäivämäärä.","date",NULL,NULL,"NO"
"jkr","velvoite_status","Taulu sisältää tallennetut tilanteet kohteen velvollisuuksille.
Velvoitteen tilanteet voidaan tallentaa tietylle päivämäärälle kyselyllä
```sql
select tallenna_velvoite_status('2020-3-1');
```","jakso","Ajanjakso, jolla velvollisuuden täyttyminen on tarkistettu.","daterange",NULL,NULL,"NO"
"jkr","velvoitemalli","Taulu, joka sisältää eri velvoitteet, ja niiden voimassaoloajan. Kullakin velvoitteella on näkymän ja funktion nimet, joilla velvoitteen täyttymistä voidaan seurata.","id",NULL,"integer",NULL,NULL,"NO"
"jkr","velvoitemalli","Taulu, joka sisältää eri velvoitteet, ja niiden voimassaoloajan. Kullakin velvoitteella on näkymän ja funktion nimet, joilla velvoitteen täyttymistä voidaan seurata.","selite","Kuvaus tietyn tunnisteen omaavasta velvoitemallista","text",NULL,NULL,"YES"
"jkr","velvoitemalli","Taulu, joka sisältää eri velvoitteet, ja niiden voimassaoloajan. Kullakin velvoitteella on näkymän ja funktion nimet, joilla velvoitteen täyttymistä voidaan seurata.","saanto","Näkymän nimi, joka palauttaa kohteet, joita tämä velvoite koskee. Näkymän tulee sijaita ""jkr""-skeemassa.","text",NULL,NULL,"YES"
"jkr","velvoitemalli","Taulu, joka sisältää eri velvoitteet, ja niiden voimassaoloajan. Kullakin velvoitteella on näkymän ja funktion nimet, joilla velvoitteen täyttymistä voidaan seurata.","tayttymissaanto","Funktion, joka palauttaa niiden kohteiden id:t, joilla velvoite täyttyy, nimi.
Funktio ottaa parametrina päivämäärän, jona velvoitteen täyttymistä tutkitaan.","text",NULL,NULL,"YES"
"jkr","velvoitemalli","Taulu, joka sisältää eri velvoitteet, ja niiden voimassaoloajan. Kullakin velvoitteella on näkymän ja funktion nimet, joilla velvoitteen täyttymistä voidaan seurata.","jatetyyppi_id",NULL,"integer",NULL,NULL,"NO"
"jkr","velvoitemalli","Taulu, joka sisältää eri velvoitteet, ja niiden voimassaoloajan. Kullakin velvoitteella on näkymän ja funktion nimet, joilla velvoitteen täyttymistä voidaan seurata.","alkupvm","Velvoitteen alkupäivämäärä. Velvoitetta ei muodosteta kohteille, jotka eivät ole olleet olemassa velvoitteen voimassaolon aikana.","date",NULL,NULL,"YES"
"jkr","velvoitemalli","Taulu, joka sisältää eri velvoitteet, ja niiden voimassaoloajan. Kullakin velvoitteella on näkymän ja funktion nimet, joilla velvoitteen täyttymistä voidaan seurata.","loppupvm","Velvoitteen loppupäivämäärä. Velvoitetta ei muodosteta kohteille, jotka eivät ole olleet olemassa velvoitteen voimassaolon aikana.","date",NULL,NULL,"YES"
"jkr","velvoitemalli","Taulu, joka sisältää eri velvoitteet, ja niiden voimassaoloajan. Kullakin velvoitteella on näkymän ja funktion nimet, joilla velvoitteen täyttymistä voidaan seurata.","voimassaolo","Automaattisesti luotu aikaväli-kenttä velvoitteen voimassaololle.
Helpottaa aikavälikyselyitä. Voidaan esimerkiksi tehdä kysely
```sql
select *
from jkr.velvoitemalli
where voimassaolo @> '2021-1-1'::date
```
eikä tarvitse tehdä monimutkaista
```sql
select *
from jkr.velvoitemalli
where
  (alkupvm is null OR alkupvm <= '2021-1-1'::date`)
  AND
  (loppupvm is null OR '2021-1-1'::date` <= loppupvm)
```","daterange",NULL,NULL,"YES"
"jkr","velvoitemalli","Taulu, joka sisältää eri velvoitteet, ja niiden voimassaoloajan. Kullakin velvoitteella on näkymän ja funktion nimet, joilla velvoitteen täyttymistä voidaan seurata.","kuvaus",NULL,"text",NULL,NULL,"NO"
"jkr","velvoitemalli","Taulu, joka sisältää eri velvoitteet, ja niiden voimassaoloajan. Kullakin velvoitteella on näkymän ja funktion nimet, joilla velvoitteen täyttymistä voidaan seurata.","prioriteetti",NULL,"integer",NULL,NULL,"YES"
"jkr","velvoiteyhteenveto","Taulu, joka sisältää kohteeseen liittyvät velvoiteyhteenvedot","id",NULL,"integer",NULL,NULL,"NO"
"jkr","velvoiteyhteenveto","Taulu, joka sisältää kohteeseen liittyvät velvoiteyhteenvedot","kohde_id",NULL,"integer",NULL,NULL,"NO"
"jkr","velvoiteyhteenveto","Taulu, joka sisältää kohteeseen liittyvät velvoiteyhteenvedot","velvoiteyhteenvetomalli_id",NULL,"integer",NULL,NULL,"NO"
"jkr","velvoiteyhteenveto_status","Taulu sisältää tallennetut tilanteet kohteen velvoiteyhteenvedoille.","id",NULL,"integer",NULL,NULL,"NO"
"jkr","velvoiteyhteenveto_status","Taulu sisältää tallennetut tilanteet kohteen velvoiteyhteenvedoille.","ok","Täyttyykö velvoiteyhteenveto kyseisellä ajanjaksolla.","boolean",NULL,NULL,"NO"
"jkr","velvoiteyhteenveto_status","Taulu sisältää tallennetut tilanteet kohteen velvoiteyhteenvedoille.","velvoiteyhteenveto_id",NULL,"integer",NULL,NULL,"NO"
"jkr","velvoiteyhteenveto_status","Taulu sisältää tallennetut tilanteet kohteen velvoiteyhteenvedoille.","tallennuspvm","Velvoiteyhteenvedon tilanteen tallennuspäivämäärä.","date",NULL,NULL,"NO"
"jkr","velvoiteyhteenveto_status","Taulu sisältää tallennetut tilanteet kohteen velvoiteyhteenvedoille.","jakso","Ajanjakso, jolla velvoiteyhteenvedon täyttyminen on tarkistettu.","daterange",NULL,NULL,"NO"
"jkr","velvoiteyhteenvetomalli","Taulu, joka sisältää eri velvoiteyhteenvedot, ja niiden voimassaoloajan. Kullakin yhteenvedolla on näkymän ja funktion nimet, joilla velvoitteen täyttymistä voidaan seurata.","id",NULL,"integer",NULL,NULL,"NO"
"jkr","velvoiteyhteenvetomalli","Taulu, joka sisältää eri velvoiteyhteenvedot, ja niiden voimassaoloajan. Kullakin yhteenvedolla on näkymän ja funktion nimet, joilla velvoitteen täyttymistä voidaan seurata.","selite","Kuvaus tietyn tunnisteen omaavasta velvoiteyhteenvedosta","text",NULL,NULL,"YES"
"jkr","velvoiteyhteenvetomalli","Taulu, joka sisältää eri velvoiteyhteenvedot, ja niiden voimassaoloajan. Kullakin yhteenvedolla on näkymän ja funktion nimet, joilla velvoitteen täyttymistä voidaan seurata.","saanto","Näkymän nimi, joka palauttaa kohteet, joita tämä yhteenveto koskee. Näkymän tulee sijaita ""jkr""-skeemassa.","text",NULL,NULL,"YES"
"jkr","velvoiteyhteenvetomalli","Taulu, joka sisältää eri velvoiteyhteenvedot, ja niiden voimassaoloajan. Kullakin yhteenvedolla on näkymän ja funktion nimet, joilla velvoitteen täyttymistä voidaan seurata.","tayttymissaanto","Funktion, joka palauttaa niiden kohteiden id:t, joilla yhteenveto täyttyy, nimi. Funktio ottaa parametrina päivämäärän, jona yhteenvedon täyttymistä tutkitaan.","text",NULL,NULL,"YES"
"jkr","velvoiteyhteenvetomalli","Taulu, joka sisältää eri velvoiteyhteenvedot, ja niiden voimassaoloajan. Kullakin yhteenvedolla on näkymän ja funktion nimet, joilla velvoitteen täyttymistä voidaan seurata.","alkupvm","Yhteenvedon alkupäivämäärä. Yhteenvetoa ei muodosteta kohteille, jotka eivät ole olleet olemassa yhteenvedon voimassaolon aikana.","date",NULL,NULL,"YES"
"jkr","velvoiteyhteenvetomalli","Taulu, joka sisältää eri velvoiteyhteenvedot, ja niiden voimassaoloajan. Kullakin yhteenvedolla on näkymän ja funktion nimet, joilla velvoitteen täyttymistä voidaan seurata.","loppupvm","Yhteenvedon loppupäivämäärä. Yhteenvetoa ei muodosteta kohteille, jotka eivät ole olleet olemassa yhteenvedon voimassaolon aikana.","date",NULL,NULL,"YES"
"jkr","velvoiteyhteenvetomalli","Taulu, joka sisältää eri velvoiteyhteenvedot, ja niiden voimassaoloajan. Kullakin yhteenvedolla on näkymän ja funktion nimet, joilla velvoitteen täyttymistä voidaan seurata.","voimassaolo","Automaattisesti luotu aikaväli-kenttä yhteenvedon voimassaololle.","daterange",NULL,NULL,"YES"
"jkr","velvoiteyhteenvetomalli","Taulu, joka sisältää eri velvoiteyhteenvedot, ja niiden voimassaoloajan. Kullakin yhteenvedolla on näkymän ja funktion nimet, joilla velvoitteen täyttymistä voidaan seurata.","kuvaus","Velvoiteyhteenvedon selitettä pidempi kuvaus.","text",NULL,NULL,"NO"
"jkr","velvoiteyhteenvetomalli","Taulu, joka sisältää eri velvoiteyhteenvedot, ja niiden voimassaoloajan. Kullakin yhteenvedolla on näkymän ja funktion nimet, joilla velvoitteen täyttymistä voidaan seurata.","luokitus","Velvoiteyhteenvedon luokitus. Mitä pienempi arvo, sitä korkeamman luokituksen yhteenveto saa. Kohde vain sen yhteenvedon tai ne yhteenvedot, joilla on korkein luokitus.","integer",NULL,NULL,"NO"
"jkr","viemari_liitos",NULL,"id",NULL,"integer",NULL,NULL,"NO"
"jkr","viemari_liitos",NULL,"kohde_id",NULL,"integer",NULL,NULL,"NO"
"jkr","viemari_liitos",NULL,"viemariverkosto_alkupvm",NULL,"date",NULL,NULL,"NO"
"jkr","viemari_liitos",NULL,"viemariverkosto_loppupvm",NULL,"date",NULL,NULL,"YES"
"jkr","viemari_liitos",NULL,"voimassaolo",NULL,"daterange",NULL,NULL,"YES"
"jkr","viemari_liitos",NULL,"rakennus_prt",NULL,"text",NULL,NULL,"YES"
"jkr","viemariverkosto","Näyttää kunnallisen viemäriverkostoalueen rajat","id",NULL,"integer",NULL,NULL,"NO"
"jkr","viemariverkosto","Näyttää kunnallisen viemäriverkostoalueen rajat","geom","Viemäriverkoston aluerajaus","MULTIPOLYGON",2,3067,"NO"
"jkr","viemariverkosto","Näyttää kunnallisen viemäriverkostoalueen rajat","nimi",NULL,"text",NULL,NULL,"YES"
"jkr","viemariverkosto","Näyttää kunnallisen viemäriverkostoalueen rajat","viemariverkosto_id",NULL,"integer",NULL,NULL,"YES"
"jkr","viemariverkosto","Näyttää kunnallisen viemäriverkostoalueen rajat","alkupvm",NULL,"date",NULL,NULL,"NO"
"jkr","viemariverkosto","Näyttää kunnallisen viemäriverkostoalueen rajat","loppupvm",NULL,"date",NULL,NULL,"YES"
"jkr","viemariverkosto","Näyttää kunnallisen viemäriverkostoalueen rajat","voimassaolo",NULL,"daterange",NULL,NULL,"YES"
"jkr","viemarointialue","Aluerajaus, jolla on viemäröintiverkosto asennettu.
Käytetään valitsemaan ne rakennukset, joilla tulisi olla lietteen keräys säiliöt.","id",NULL,"integer",NULL,NULL,"NO"
"jkr","viemarointialue","Aluerajaus, jolla on viemäröintiverkosto asennettu.
Käytetään valitsemaan ne rakennukset, joilla tulisi olla lietteen keräys säiliöt.","nimi",NULL,"text",NULL,NULL,"YES"
"jkr","viemarointialue","Aluerajaus, jolla on viemäröintiverkosto asennettu.
Käytetään valitsemaan ne rakennukset, joilla tulisi olla lietteen keräys säiliöt.","geom",NULL,"MULTIPOLYGON",2,3067,"NO"
"jkr","viranomaispaatokset",NULL,"id",NULL,"integer",NULL,NULL,"NO"
"jkr","viranomaispaatokset",NULL,"paatosnumero",NULL,"text",NULL,NULL,"YES"
"jkr","viranomaispaatokset",NULL,"alkupvm",NULL,"date",NULL,NULL,"NO"
"jkr","viranomaispaatokset",NULL,"loppupvm",NULL,"date",NULL,NULL,"NO"
"jkr","viranomaispaatokset",NULL,"voimassaolo",NULL,"daterange",NULL,NULL,"YES"
"jkr","viranomaispaatokset",NULL,"vastaanottaja",NULL,"text",NULL,NULL,"YES"
"jkr","viranomaispaatokset",NULL,"tyhjennysvali",NULL,"smallint",NULL,NULL,"YES"
"jkr","viranomaispaatokset",NULL,"paatostulos_koodi",NULL,"text",NULL,NULL,"NO"
"jkr","viranomaispaatokset",NULL,"tapahtumalaji_koodi",NULL,"text",NULL,NULL,"NO"
"jkr","viranomaispaatokset",NULL,"akppoistosyy_id",NULL,"integer",NULL,NULL,"YES"
"jkr","viranomaispaatokset",NULL,"jatetyyppi_id",NULL,"integer",NULL,NULL,"YES"
"jkr","viranomaispaatokset",NULL,"rakennus_id",NULL,"integer",NULL,NULL,"YES"
"jkr_dvv","huoneistomaara",NULL,"ogc_fid",NULL,"integer",NULL,NULL,"NO"
"jkr_dvv","huoneistomaara",NULL,"c_vtj_prt",NULL,"character varying",NULL,NULL,"YES"
"jkr_dvv","huoneistomaara",NULL,"i_huoneistojen_lkm",NULL,"integer",NULL,NULL,"YES"
"jkr_dvv","huoneistomaara",NULL,"c_kayttark",NULL,"integer",NULL,NULL,"YES"
"jkr_dvv","omistaja",NULL,"ogc_fid",NULL,"integer",NULL,NULL,"NO"
"jkr_dvv","omistaja",NULL,"rakennustunnus",NULL,"character varying",NULL,NULL,"YES"
"jkr_dvv","omistaja",NULL,"sijainti_kunta",NULL,"character varying",NULL,NULL,"YES"
"jkr_dvv","omistaja",NULL,"henkilötunnus",NULL,"character varying",NULL,NULL,"YES"
"jkr_dvv","omistaja",NULL,"y_tunnus",NULL,"character varying",NULL,NULL,"YES"
"jkr_dvv","omistaja",NULL,"ulko_henkilö (uh)",NULL,"character varying",NULL,NULL,"YES"
"jkr_dvv","omistaja",NULL,"omistuksen alkupäivä",NULL,"integer",NULL,NULL,"YES"
"jkr_dvv","omistaja",NULL,"laji_koodi",NULL,"integer",NULL,NULL,"YES"
"jkr_dvv","omistaja",NULL,"omis_taja_
laji",NULL,"character varying",NULL,NULL,"YES"
"jkr_dvv","omistaja",NULL,"omistajan nimi",NULL,"character varying",NULL,NULL,"YES"
"jkr_dvv","omistaja",NULL,"omist koti_kunta",NULL,"character varying",NULL,NULL,"YES"
"jkr_dvv","omistaja",NULL,"omist äidin_
kieli",NULL,"character varying",NULL,NULL,"YES"
"jkr_dvv","omistaja",NULL,"omistajan kuolinpäivä",NULL,"integer",NULL,NULL,"YES"
"jkr_dvv","omistaja",NULL,"omistajan vakinainen kotimainen asuinosoite",NULL,"character varying",NULL,NULL,"YES"
"jkr_dvv","omistaja",NULL,"vak os posti_ numero",NULL,"character varying",NULL,NULL,"YES"
"jkr_dvv","omistaja",NULL,"vakinaisen kotim osoitteen postitoimipaikka",NULL,"character varying",NULL,NULL,"YES"
"jkr_dvv","omistaja",NULL,"vakin kotim osoitteen alkupäivä",NULL,"integer",NULL,NULL,"YES"
"jkr_dvv","omistaja",NULL,"omistajan postiosoite",NULL,"character varying",NULL,NULL,"YES"
"jkr_dvv","omistaja",NULL,"postios posti_numero",NULL,"character varying",NULL,NULL,"YES"
"jkr_dvv","omistaja",NULL,"postiosoitteen postitoimipaikka",NULL,"character varying",NULL,NULL,"YES"
"jkr_dvv","omistaja",NULL,"omistajan ulkomainen lähiosoite",NULL,"character varying",NULL,NULL,"YES"
"jkr_dvv","omistaja",NULL,"ulkomaisen osoitteen paikkakunta",NULL,"character varying",NULL,NULL,"YES"
"jkr_dvv","omistaja",NULL,"ulkomaisen osoitteen valtion postinimi",NULL,"character varying",NULL,NULL,"YES"
"jkr_dvv","omistaja",NULL,"um os valtio_koodi",NULL,"character varying",NULL,NULL,"YES"
"jkr_dvv","omistaja",NULL,"valtion nimi, jos valtiokoodi 998",NULL,"character varying",NULL,NULL,"YES"
"jkr_dvv","osoite",NULL,"ogc_fid",NULL,"integer",NULL,NULL,"NO"
"jkr_dvv","osoite",NULL,"rakennustunnus",NULL,"character varying",NULL,NULL,"YES"
"jkr_dvv","osoite",NULL,"sijainti_kunta",NULL,"character varying",NULL,NULL,"YES"
"jkr_dvv","osoite",NULL,"osoite_numero",NULL,"integer",NULL,NULL,"YES"
"jkr_dvv","osoite",NULL,"kadunnimi suomeksi",NULL,"character varying",NULL,NULL,"YES"
"jkr_dvv","osoite",NULL,"kadunnimi ruotsiksi",NULL,"character varying",NULL,NULL,"YES"
"jkr_dvv","osoite",NULL,"katu_numero",NULL,"character varying",NULL,NULL,"YES"
"jkr_dvv","osoite",NULL,"posti_numero",NULL,"character varying",NULL,NULL,"YES"
"jkr_dvv","osoite",NULL,"postitoimipaikan nimi suomeksi",NULL,"character varying",NULL,NULL,"YES"
"jkr_dvv","osoite",NULL,"postitoimipaikan nimi ruotsiksi",NULL,"character varying",NULL,NULL,"YES"
"jkr_dvv","rakennus",NULL,"ogc_fid",NULL,"integer",NULL,NULL,"NO"
"jkr_dvv","rakennus",NULL,"rakennustunnus",NULL,"character varying",NULL,NULL,"YES"
"jkr_dvv","rakennus",NULL,"sijainti_kunta",NULL,"character varying",NULL,NULL,"YES"
"jkr_dvv","rakennus",NULL,"raken_nuksen tila",NULL,"integer",NULL,NULL,"YES"
"jkr_dvv","rakennus",NULL,"sijaintikiinteistön tunnus",NULL,"character varying",NULL,NULL,"YES"
"jkr_dvv","rakennus",NULL,"kiinteistöyksikön nimi",NULL,"character varying",NULL,NULL,"YES"
"jkr_dvv","rakennus",NULL,"muuttuvan rak.tunnuksen kiinteistötunnus",NULL,"character varying",NULL,NULL,"YES"
"jkr_dvv","rakennus",NULL,"tarkis_tus_merkki",NULL,"character varying",NULL,NULL,"YES"
"jkr_dvv","rakennus",NULL,"raken_nus_numero",NULL,"integer",NULL,NULL,"YES"
"jkr_dvv","rakennus",NULL,"kiinteistöyksikön määräalan tunnus",NULL,"character varying",NULL,NULL,"YES"
"jkr_dvv","rakennus",NULL,"posti_numero",NULL,"character varying",NULL,NULL,"YES"
"jkr_dvv","rakennus",NULL,"valmis_tumis_
päivä",NULL,"integer",NULL,NULL,"YES"
"jkr_dvv","rakennus",NULL,"hallinta_peruste",NULL,"integer",NULL,NULL,"YES"
"jkr_dvv","rakennus",NULL,"julkisivu_materi_aali",NULL,"integer",NULL,NULL,"YES"
"jkr_dvv","rakennus",NULL,"kerros_ala",NULL,"integer",NULL,NULL,"YES"
"jkr_dvv","rakennus",NULL,"kerros_luku",NULL,"integer",NULL,NULL,"YES"
"jkr_dvv","rakennus",NULL,"koko_naisala",NULL,"integer",NULL,NULL,"YES"
"jkr_dvv","rakennus",NULL,"tilavuus",NULL,"integer",NULL,NULL,"YES"
"jkr_dvv","rakennus",NULL,"kellari_ala",NULL,"integer",NULL,NULL,"YES"
"jkr_dvv","rakennus",NULL,"käytös_säolo_tilanne",NULL,"character varying",NULL,NULL,"YES"
"jkr_dvv","rakennus",NULL,"käytössä_olotilanteen muutospäivä",NULL,"integer",NULL,NULL,"YES"
"jkr_dvv","rakennus",NULL,"käyttö_tarkoitus",NULL,"character varying",NULL,NULL,"YES"
"jkr_dvv","rakennus",NULL,"viemäri",NULL,"integer",NULL,NULL,"YES"
"jkr_dvv","rakennus",NULL,"viemäri_liittymä",NULL,"integer",NULL,NULL,"YES"
"jkr_dvv","rakennus",NULL,"pohjois_koordinaatti",NULL,"integer",NULL,NULL,"YES"
"jkr_dvv","rakennus",NULL,"itä_koordinaatti",NULL,"integer",NULL,NULL,"YES"
"jkr_dvv","rakennus",NULL,"koordi_naatti_varmuus",NULL,"character varying",NULL,NULL,"YES"
"jkr_dvv","rakennus",NULL,"rakennus_
luokka",NULL,"character varying",NULL,NULL,"YES"
"jkr_dvv","vanhin",NULL,"ogc_fid",NULL,"integer",NULL,NULL,"NO"
"jkr_dvv","vanhin",NULL,"rakennustunnus",NULL,"character varying",NULL,NULL,"YES"
"jkr_dvv","vanhin",NULL,"sijainti_kunta",NULL,"character varying",NULL,NULL,"YES"
"jkr_dvv","vanhin",NULL,"huo_neisto_kirjain",NULL,"character varying",NULL,NULL,"YES"
"jkr_dvv","vanhin",NULL,"huo_neisto_numero",NULL,"character varying",NULL,NULL,"YES"
"jkr_dvv","vanhin",NULL,"jako_kirjain",NULL,"character varying",NULL,NULL,"YES"
"jkr_dvv","vanhin",NULL,"osoite_numero",NULL,"integer",NULL,NULL,"YES"
"jkr_dvv","vanhin",NULL,"huoneiston vanhin asukas (henkilötunnus)",NULL,"character varying",NULL,NULL,"YES"
"jkr_dvv","vanhin",NULL,"sukunimi",NULL,"character varying",NULL,NULL,"YES"
"jkr_dvv","vanhin",NULL,"etunimet",NULL,"character varying",NULL,NULL,"YES"
"jkr_dvv","vanhin",NULL,"vakinainen kotimainen asuinosoite",NULL,"character varying",NULL,NULL,"YES"
"jkr_dvv","vanhin",NULL,"vak os posti_ numero",NULL,"character varying",NULL,NULL,"YES"
"jkr_dvv","vanhin",NULL,"vakinaisen kotim osoitteen postitoimipaikka",NULL,"character varying",NULL,NULL,"YES"
"jkr_dvv","vanhin",NULL,"vakin kotim osoitteen alkupäivä",NULL,"integer",NULL,NULL,"YES"
"jkr_dvv","vanhin",NULL,"vakinais_ten asukk lukumäärä",NULL,"integer",NULL,NULL,"YES"
"jkr_dvv","vanhin",NULL,"tilapäisten asukk lukumäärä",NULL,"integer",NULL,NULL,"YES"
"jkr_koodistot","akppoistosyy",NULL,"id",NULL,"integer",NULL,NULL,"NO"
"jkr_koodistot","akppoistosyy",NULL,"selite",NULL,"text",NULL,NULL,"NO"
"jkr_koodistot","jatetyyppi","Taulu, joka sisältää mahdolliset jätetyypit","id",NULL,"integer",NULL,NULL,"NO"
"jkr_koodistot","jatetyyppi","Taulu, joka sisältää mahdolliset jätetyypit","selite","Kuvaus tietyn tunnisteen omaavasta jätetyypistä","text",NULL,NULL,"NO"
"jkr_koodistot","jatetyyppi","Taulu, joka sisältää mahdolliset jätetyypit","ewc","Kuusinumeroinen jätekoodi (EWC-koodi)","character",NULL,NULL,"YES"
"jkr_koodistot","kaivotietotyyppi","Kaivotietotyypit: Kantovesi, Saostussäiliö, Pienpuhdistamo, Umpisäiliö, Vain harmaat vedet","id",NULL,"integer",NULL,NULL,"NO"
"jkr_koodistot","kaivotietotyyppi","Kaivotietotyypit: Kantovesi, Saostussäiliö, Pienpuhdistamo, Umpisäiliö, Vain harmaat vedet","selite",NULL,"text",NULL,NULL,"NO"
"jkr_koodistot","keraysvalinetyyppi","Taulu, joka sisältää mahdolliset keräysvälinetyypit","id","Taulun avaimena toimiva uniikki kokonaislukutunniste. Tunniste generoidaan automaattisesti","smallint",NULL,NULL,"NO"
"jkr_koodistot","keraysvalinetyyppi","Taulu, joka sisältää mahdolliset keräysvälinetyypit","selite","Kuvaus tietyn tunnisteen omaavasta keräysvälinetyypistä","text",NULL,NULL,"YES"
"jkr_koodistot","kohdetyyppi","Kohteen tyypit","id",NULL,"integer",NULL,NULL,"NO"
"jkr_koodistot","kohdetyyppi","Kohteen tyypit","selite","Kuvaus tietyn tunnisteen omaavasta kohdetyypistä","text",NULL,NULL,"NO"
"jkr_koodistot","osapuolenlaji","Taulu, joka sisältää mahdolliset osapuolen lajit","koodi","Taulun avaimena toimiva uniikki tekstimuotoinen tunniste","text",NULL,NULL,"NO"
"jkr_koodistot","osapuolenlaji","Taulu, joka sisältää mahdolliset osapuolen lajit","selite","Kuvaus tietyn tunnisteen omaavasta osapuolenlajista","text",NULL,NULL,"NO"
"jkr_koodistot","osapuolenrooli","Taulu sisältää koodiston kohteen osapuolen rooleille.
Rooleja on tällä hetkellä Asiakas ja Yhteystieto","id","Taulun avaimena toimiva uniikki kokonaislukutunniste. Tunniste generoidaan automaattisesti","smallint",NULL,NULL,"NO"
"jkr_koodistot","osapuolenrooli","Taulu sisältää koodiston kohteen osapuolen rooleille.
Rooleja on tällä hetkellä Asiakas ja Yhteystieto","selite","Kuvaus tietyn tunnisteen omaavasta osapuolenroolista","text",NULL,NULL,"YES"
"jkr_koodistot","paatostulos",NULL,"koodi",NULL,"text",NULL,NULL,"NO"
"jkr_koodistot","paatostulos",NULL,"selite",NULL,"text",NULL,NULL,"YES"
"jkr_koodistot","rakennuksenkayttotarkoitus","Taulu, joka sisältää mahdolliset rakennuksen käyttötarkoitukset","koodi","Taulun avaimena toimiva uniikki tekstimuotoinen tunniste","text",NULL,NULL,"NO"
"jkr_koodistot","rakennuksenkayttotarkoitus","Taulu, joka sisältää mahdolliset rakennuksen käyttötarkoitukset","selite","Kuvaus tietyn tunnisteen omaavasta rakennuksen käyttötarkoituksesta","text",NULL,NULL,"NO"
"jkr_koodistot","rakennuksenolotila","Taulu, joka sisältää mahdolliset rakennuksen olotilat","koodi","Taulun avaimena toimiva uniikki tekstimuotoinen tunniste","text",NULL,NULL,"NO"
"jkr_koodistot","rakennuksenolotila","Taulu, joka sisältää mahdolliset rakennuksen olotilat","selite","Kuvaus tietyn tunnisteen omaavasta rakennuksen olotilasta","text",NULL,NULL,"NO"
"jkr_koodistot","rakennusluokka_2018",NULL,"koodi",NULL,"character",NULL,NULL,"NO"
"jkr_koodistot","rakennusluokka_2018",NULL,"selite",NULL,"text",NULL,NULL,"NO"
"jkr_koodistot","sopimustyyppi","Koodistotaulu sopimustyypeille.
Sopimustyyppejä: Tyhjennyssopimus, Kimppasopimus, Aluekeräyssopimus","id","Taulun avaimena toimiva uniikki kokonaislukutunniste. Tunniste generoidaan automaattisesti","smallint",NULL,NULL,"NO"
"jkr_koodistot","sopimustyyppi","Koodistotaulu sopimustyypeille.
Sopimustyyppejä: Tyhjennyssopimus, Kimppasopimus, Aluekeräyssopimus","selite","Kuvaus tietyn tunnisteen omaavasta sopimustyypistä","text",NULL,NULL,"YES"
"jkr_koodistot","tapahtumalaji",NULL,"koodi",NULL,"text",NULL,NULL,"NO"
"jkr_koodistot","tapahtumalaji",NULL,"selite",NULL,"text",NULL,NULL,"YES"
"jkr_koodistot","tiedontuottaja","Taulu, joka sisältää mahdolliset tiedontuottajat","tunnus","Taulun avaimena toimiva uniikki tekstimuotoinen tunniste","text",NULL,NULL,"NO"
"jkr_koodistot","tiedontuottaja","Taulu, joka sisältää mahdolliset tiedontuottajat","nimi","Tiedontuottajan nimi","text",NULL,NULL,"NO"
"jkr_osoite","katu","Katuosoitteen tiedot sisältävä taulu","id",NULL,"integer",NULL,NULL,"NO"
"jkr_osoite","katu","Katuosoitteen tiedot sisältävä taulu","katunimi_fi","Kadun nimi suomeksi","text",NULL,NULL,"YES"
"jkr_osoite","katu","Katuosoitteen tiedot sisältävä taulu","katunimi_sv","Kadun nimi ruotsiksi","text",NULL,NULL,"YES"
"jkr_osoite","katu","Katuosoitteen tiedot sisältävä taulu","kunta_koodi",NULL,"character",NULL,NULL,"NO"
"jkr_osoite","kunta","Osoitteeseen liittyvän kunnan tiedot sisältävä taulu","koodi","Kolminumeroinen kuntakoodi","character",NULL,NULL,"NO"
"jkr_osoite","kunta","Osoitteeseen liittyvän kunnan tiedot sisältävä taulu","nimi_fi","Kunnan nimi suomeksi","text",NULL,NULL,"YES"
"jkr_osoite","kunta","Osoitteeseen liittyvän kunnan tiedot sisältävä taulu","nimi_sv","Kunnan nimi ruotsiksi","text",NULL,NULL,"YES"
"jkr_osoite","posti","Postitoimipaikan tiedot sisältävä taulu","numero","Taulun avaimena toimiva uniikki viisinumeroinen postinumero","character",NULL,NULL,"NO"
"jkr_osoite","posti","Postitoimipaikan tiedot sisältävä taulu","nimi_fi","Postitoimipaikan nimi suomeksi","text",NULL,NULL,"YES"
"jkr_osoite","posti","Postitoimipaikan tiedot sisältävä taulu","nimi_se","Postitoimipaikan nimi ruotsiksi","text",NULL,NULL,"YES"
"jkr_osoite","posti","Postitoimipaikan tiedot sisältävä taulu","kunta_koodi",NULL,"character",NULL,NULL,"NO"
"jkr_qgis_projektit","qgis_api_credentials",NULL,"auth_id",NULL,"character varying",NULL,NULL,"NO"
"jkr_qgis_projektit","qgis_api_credentials",NULL,"service_name",NULL,"character varying",NULL,NULL,"NO"
"jkr_qgis_projektit","qgis_api_credentials",NULL,"auth_type",NULL,"character varying",NULL,NULL,"NO"
"jkr_qgis_projektit","qgis_api_credentials",NULL,"auth_config",NULL,"jsonb",NULL,NULL,"NO"
"jkr_qgis_projektit","qgis_api_credentials",NULL,"description",NULL,"text",NULL,NULL,"YES"
"jkr_qgis_projektit","qgis_api_credentials",NULL,"created_at",NULL,"timestamp without time zone",NULL,NULL,"YES"
"jkr_qgis_projektit","qgis_api_credentials",NULL,"updated_at",NULL,"timestamp without time zone",NULL,NULL,"YES"
"jkr_qgis_projektit","qgis_projects","QGIS-projektit sisältävä taulu","name","QGIS-projektin nimi","text",NULL,NULL,"NO"
"jkr_qgis_projektit","qgis_projects","QGIS-projektit sisältävä taulu","metadata","QGIS-projektin metadatatiedot jsonb-muodossa","jsonb",NULL,NULL,"YES"
"jkr_qgis_projektit","qgis_projects","QGIS-projektit sisältävä taulu","content","QGIS-projektitiedosto. Tämän kentän sisältö on tarkoitettu ainoastaan QGISin käyttöön.","bytea",NULL,NULL,"YES"
